keeper_rank,source_rank,player,team,pos,pos_rank,player_id,player_page_url,player_bye_week,player_owned_avg,player_owned_espn,player_owned_yahoo,player_ecr_delta,rank_ave,rank_min,rank_max,rank_std,tier,source_date
1,1,Ja'Marr Chase,CIN,WR,WR1,19788,https://www.fantasypros.com/nfl/players/jamarr-chase.php,6,99.8,99.9,100,,1.44,1,4,0.85,1,2026-08-30
2,2,Jahmyr Gibbs,DET,RB,RB1,22968,https://www.fantasypros.com/nfl/players/jahmyr-gibbs.php,6,99.5,99.9,100,,2.44,1,5,1.23,1,2026-08-30
3,3,Puka Nacua,LAR,WR,WR2,23180,https://www.fantasypros.com/nfl/players/puka-nacua.php,11,99.7,99.9,100,,3.25,1,9,1.26,1,2026-08-30
4,4,Bijan Robinson,ATL,RB,RB2,23133,https://www.fantasypros.com/nfl/players/bijan-robinson.php,11,99.4,99.9,100,,4.22,2,7,1.37,1,2026-08-30
5,5,Jaxon Smith-Njigba,SEA,WR,WR3,23070,https://www.fantasypros.com/nfl/players/jaxon-smith-njigba.php,11,99.7,99.9,100,,4.68,3,8,1.25,1,2026-08-30
6,6,Amon-Ra St. Brown,DET,WR,WR4,19799,https://www.fantasypros.com/nfl/players/amonra-stbrown.php,6,99.8,99.9,100,,5.41,3,9,1.27,1,2026-08-30
7,7,CeeDee Lamb,DAL,WR,WR5,19202,https://www.fantasypros.com/nfl/players/ceedee-lamb.php,14,99.5,99.9,100,,8.87,6,16,1.83,2,2026-08-30
8,8,Justin Jefferson,MIN,WR,WR6,19236,https://www.fantasypros.com/nfl/players/justin-jefferson.php,6,99.4,99.8,100,,9.32,4,28,2.68,2,2026-08-30
9,9,Christian McCaffrey,SF,RB,RB3,16393,https://www.fantasypros.com/nfl/players/christian-mccaffrey.php,8,99.6,99.9,100,,9.38,5,23,4.31,2,2026-08-30
10,10,Jonathan Taylor,IND,RB,RB4,19217,https://www.fantasypros.com/nfl/players/jonathan-taylor.php,13,99.4,99.9,100,,11.81,7,33,5.17,2,2026-08-30
11,11,Drake London,ATL,WR,WR7,23163,https://www.fantasypros.com/nfl/players/drake-london.php,11,99.2,99.7,100,,13.01,9,26,3.59,2,2026-08-30
12,12,A.J. Brown,NE,WR,WR8,18218,https://www.fantasypros.com/nfl/players/aj-brown.php,11,99.4,99.6,100,,13.72,6,35,4.99,2,2026-08-30
13,13,Nico Collins,HOU,WR,WR9,20130,https://www.fantasypros.com/nfl/players/nico-collins.php,8,99.7,99.6,100,,15.91,9,28,3.79,3,2026-08-30
14,14,James Cook III,BUF,RB,RB5,22958,https://www.fantasypros.com/nfl/players/james-cook.php,7,99.5,99.8,100,,15.99,7,31,6.18,3,2026-08-30
15,15,Chase Brown,CIN,RB,RB6,25324,https://www.fantasypros.com/nfl/players/chase-brown.php,6,98.8,99.3,100,,17.75,7,34,6.32,3,2026-08-30
16,16,Chris Olave,NO,WR,WR10,20111,https://www.fantasypros.com/nfl/players/chris-olave.php,8,98.2,99,99,,18.01,9,36,5.84,3,2026-08-30
17,17,Brock Bowers,LV,TE,TE1,22955,https://www.fantasypros.com/nfl/players/brock-bowers.php,13,99.8,99.8,100,,19.75,11,57,6.18,3,2026-08-30
18,18,George Pickens,DAL,WR,WR11,22963,https://www.fantasypros.com/nfl/players/george-pickens.php,14,99.3,99.6,100,,20.54,9,40,6.22,3,2026-08-30
19,19,Trey McBride,ARI,TE,TE2,22936,https://www.fantasypros.com/nfl/players/trey-mcbride.php,14,99.4,99.8,100,,20.66,16,57,6.50,3,2026-08-30
20,20,De'Von Achane,MIA,RB,RB7,23136,https://www.fantasypros.com/nfl/players/devon-achane.php,6,99.3,99.8,100,,21.28,11,43,6.77,3,2026-08-30
21,21,Saquon Barkley,PHI,RB,RB8,17240,https://www.fantasypros.com/nfl/players/saquon-barkley.php,10,99.5,99.8,100,,24.01,10,39,6.72,4,2026-08-30
22,22,DeVonta Smith,PHI,WR,WR12,19222,https://www.fantasypros.com/nfl/players/devonta-smith.php,10,99.2,98.9,100,,24.06,12,45,6.93,4,2026-08-30
23,23,Malik Nabers,NYG,WR,WR13,25409,https://www.fantasypros.com/nfl/players/malik-nabers.php,8,99,98.8,99,2,24.25,11,51,9.23,4,2026-08-30
24,24,Kenneth Walker III,KC,RB,RB9,23021,https://www.fantasypros.com/nfl/players/kenneth-walker-rb.php,5,99.2,99.4,100,,24.83,12,43,7.93,4,2026-08-30
25,25,Omarion Hampton,LAC,RB,RB10,25395,https://www.fantasypros.com/nfl/players/omarion-hampton.php,7,99.5,99.3,100,,25.44,7,43,7.22,4,2026-08-30
26,26,Rashee Rice,KC,WR,WR14,23113,https://www.fantasypros.com/nfl/players/rashee-rice.php,5,99.1,99.4,99,-2,25.78,11,48,9.45,4,2026-08-30
27,27,Josh Allen,BUF,QB,QB1,17298,https://www.fantasypros.com/nfl/players/josh-allen-qb.php,7,99.8,99.9,100,,25.89,21,43,3.13,4,2026-08-30
28,28,Ashton Jeanty,LV,RB,RB11,25989,https://www.fantasypros.com/nfl/players/ashton-jeanty.php,13,99.6,99.6,100,4,26.99,7,53,9.61,4,2026-08-30
29,29,Garrett Wilson,NYJ,WR,WR15,23072,https://www.fantasypros.com/nfl/players/garrett-wilson.php,13,97.1,98.6,98,,29.40,12,45,7.29,4,2026-08-30
30,30,Zay Flowers,BAL,WR,WR16,22916,https://www.fantasypros.com/nfl/players/zay-flowers.php,13,98.5,98.3,99,,30.00,14,48,8.29,4,2026-08-30
31,31,Lamar Jackson,BAL,QB,QB2,17233,https://www.fantasypros.com/nfl/players/lamar-jackson.php,13,99.2,99.7,100,,32.19,25,61,9.05,4,2026-08-30
32,32,Ladd McConkey,LAC,WR,WR17,26122,https://www.fantasypros.com/nfl/players/ladd-mcconkey.php,7,97.6,96.7,98,3,33.64,15,48,7.72,4,2026-08-30
33,33,Jaylen Waddle,DEN,WR,WR18,19790,https://www.fantasypros.com/nfl/players/jaylen-waddle.php,10,97.4,95.7,99,,34.03,19,55,7.75,4,2026-08-30
34,34,Colston Loveland,CHI,TE,TE3,26006,https://www.fantasypros.com/nfl/players/colston-loveland.php,10,99.6,99.4,100,,35.29,22,73,11.07,4,2026-08-30
35,35,Tetairoa McMillan,CAR,WR,WR19,25417,https://www.fantasypros.com/nfl/players/tetairoa-mcmillan.php,5,98.6,98.4,99,,36.08,18,52,6.54,4,2026-08-30
36,36,Tee Higgins,CIN,WR,WR20,19211,https://www.fantasypros.com/nfl/players/tee-higgins.php,6,97.6,96.5,100,,36.21,19,51,7.36,5,2026-08-30
37,37,Drake Maye,NE,QB,QB3,23046,https://www.fantasypros.com/nfl/players/drake-maye.php,11,99.5,99.2,100,,37.55,27,70,12.44,5,2026-08-30
38,38,Derrick Henry,BAL,RB,RB12,15514,https://www.fantasypros.com/nfl/players/derrick-henry.php,13,99.2,99.7,100,,38.82,16,50,8.09,5,2026-08-30
39,39,Breece Hall,NYJ,RB,RB13,22982,https://www.fantasypros.com/nfl/players/breece-hall.php,13,97.5,98.5,99,,39.74,28,56,5.93,5,2026-08-30
40,40,Jeremiyah Love,ARI,RB,RB14,25403,https://www.fantasypros.com/nfl/players/jeremiyah-love.php,14,98.4,99.3,99,,41.16,24,65,8.84,5,2026-08-30
41,41,Emeka Egbuka,TB,WR,WR21,23062,https://www.fantasypros.com/nfl/players/emeka-egbuka.php,10,97.8,97.6,98,,41.28,15,64,7.11,5,2026-08-30
42,42,Kyren Williams,LAR,RB,RB15,23059,https://www.fantasypros.com/nfl/players/kyren-williams.php,11,98.3,98,100,,42.42,24,59,5.95,5,2026-08-30
43,43,Javonte Williams,DAL,RB,RB16,22739,https://www.fantasypros.com/nfl/players/javonte-williams.php,14,98.5,98.5,99,,44.42,27,61,6.46,5,2026-08-30
44,44,Joe Burrow,CIN,QB,QB4,19196,https://www.fantasypros.com/nfl/players/joe-burrow.php,6,98.1,97.1,100,,45.67,27,74,13.30,5,2026-08-30
45,45,Luther Burden III,CHI,WR,WR22,27016,https://www.fantasypros.com/nfl/players/luther-burden-iii.php,10,94.4,91.4,96,,46.24,20,68,8.25,5,2026-08-30
46,46,Travis Etienne Jr.,NO,RB,RB17,19231,https://www.fantasypros.com/nfl/players/travis-etienne.php,8,97.4,97.2,98,,46.41,31,65,7.58,5,2026-08-30
47,47,Terry McLaurin,WAS,WR,WR23,18466,https://www.fantasypros.com/nfl/players/terry-mclaurin.php,7,94.5,95,97,,47.53,26,68,6.39,5,2026-08-30
48,48,Davante Adams,LAR,WR,WR24,12123,https://www.fantasypros.com/nfl/players/davante-adams.php,11,96.6,98.2,97,,50.18,29,69,7.80,5,2026-08-30
49,49,DJ Moore,BUF,WR,WR25,17265,https://www.fantasypros.com/nfl/players/dj-moore-wr.php,7,95.5,93.9,97,,52.21,26,90,11.30,5,2026-08-30
50,50,Jayden Daniels,WAS,QB,QB5,22902,https://www.fantasypros.com/nfl/players/jayden-daniels.php,7,98.3,98.8,99,,52.91,27,101,16.43,5,2026-08-30
51,51,D'Andre Swift,CHI,RB,RB18,19210,https://www.fantasypros.com/nfl/players/dandre-swift.php,10,93.9,93.5,97,,54.03,34,77,8.32,6,2026-08-30
52,52,Tyler Warren,IND,TE,TE4,26434,https://www.fantasypros.com/nfl/players/tyler-warren.php,13,99.3,99,100,,54.31,22,73,9.90,6,2026-08-30
53,53,Jameson Williams,DET,WR,WR26,23677,https://www.fantasypros.com/nfl/players/jameson-williams.php,6,94.1,94.2,96,,54.44,40,96,9.42,6,2026-08-30
54,54,Christian Watson,GB,WR,WR27,23886,https://www.fantasypros.com/nfl/players/christian-watson.php,11,90.4,86.9,96,,56.66,42,91,9.00,6,2026-08-30
55,55,Mike Evans,SF,WR,WR28,12119,https://www.fantasypros.com/nfl/players/mike-evans.php,8,91.4,88.4,95,,57.05,38,91,10.98,6,2026-08-30
56,56,Jalen Hurts,PHI,QB,QB6,19275,https://www.fantasypros.com/nfl/players/jalen-hurts.php,10,97.4,98,99,,57.08,30,81,12.49,6,2026-08-30
57,57,Bucky Irving,TB,RB,RB19,25981,https://www.fantasypros.com/nfl/players/bucky-irving.php,10,96.4,95.6,96,,57.53,39,89,9.03,6,2026-08-30
58,58,Rome Odunze,CHI,WR,WR29,25411,https://www.fantasypros.com/nfl/players/rome-odunze.php,10,94.6,93.7,96,,57.56,40,88,9.36,6,2026-08-30
59,59,Cam Skattebo,NYG,RB,RB20,27166,https://www.fantasypros.com/nfl/players/cam-skattebo.php,8,98.1,98.3,98,,57.62,41,77,7.89,6,2026-08-30
60,60,Quinshon Judkins,CLE,RB,RB21,25391,https://www.fantasypros.com/nfl/players/quinshon-judkins.php,11,95.6,95.5,96,,61.48,41,80,9.08,6,2026-08-30
61,61,David Montgomery,HOU,RB,RB22,18239,https://www.fantasypros.com/nfl/players/david-montgomery.php,8,94,92.6,97,,61.80,41,78,9.02,6,2026-08-30
62,62,Parker Washington,JAC,WR,WR30,23106,https://www.fantasypros.com/nfl/players/parker-washington.php,7,87.8,86.2,93,,62.15,40,110,16.97,6,2026-08-30
63,63,Caleb Williams,CHI,QB,QB7,23084,https://www.fantasypros.com/nfl/players/caleb-williams.php,10,94.7,89.5,98,,66.72,37,98,12.36,6,2026-08-30
64,64,Bhayshul Tuten,JAC,RB,RB23,27297,https://www.fantasypros.com/nfl/players/bhayshul-tuten.php,7,93.2,91.2,95,,66.90,43,93,10.22,6,2026-08-30
65,65,Marvin Harrison Jr.,ARI,WR,WR31,23064,https://www.fantasypros.com/nfl/players/marvin-harrison-jr.php,14,91.3,89.8,93,,68.92,40,110,12.30,6,2026-08-30
66,66,Carnell Tate,TEN,WR,WR32,26009,https://www.fantasypros.com/nfl/players/carnell-tate.php,9,92,92.3,92,,69.03,45,121,16.53,6,2026-08-30
67,67,TreVeyon Henderson,NE,RB,RB24,23065,https://www.fantasypros.com/nfl/players/treveyon-henderson.php,11,93.6,91.4,94,,71.75,50,96,10.14,6,2026-08-30
68,68,Jadarian Price,SEA,RB,RB25,27329,https://www.fantasypros.com/nfl/players/jadarian-price.php,11,90.6,91.5,94,,71.92,47,131,12.99,6,2026-08-30
69,69,Justin Herbert,LAC,QB,QB8,18635,https://www.fantasypros.com/nfl/players/justin-herbert.php,7,92.4,88.8,98,,72.03,37,104,13.37,6,2026-08-30
70,70,Harold Fannin Jr.,CLE,TE,TE5,27050,https://www.fantasypros.com/nfl/players/harold-fannin-jr.php,11,95.5,93.8,97,,73.81,55,112,12.09,6,2026-08-30
71,71,Chris Godwin Jr.,TB,WR,WR33,16406,https://www.fantasypros.com/nfl/players/chris-godwin.php,10,80.2,71.8,89,,75.87,48,121,13.75,7,2026-08-30
72,72,Rhamondre Stevenson,NE,RB,RB26,22726,https://www.fantasypros.com/nfl/players/rhamondre-stevenson.php,11,89.9,87.6,92,,76.43,53,117,11.07,7,2026-08-30
73,73,Jaylen Warren,PIT,RB,RB27,24209,https://www.fantasypros.com/nfl/players/jaylen-warren.php,9,89.3,87.4,93,,77.18,65,99,8.42,7,2026-08-30
74,74,Dak Prescott,DAL,QB,QB9,15600,https://www.fantasypros.com/nfl/players/dak-prescott.php,14,93.2,91.4,97,,77.89,54,105,11.70,7,2026-08-30
75,75,Trevor Lawrence,JAC,QB,QB10,19780,https://www.fantasypros.com/nfl/players/trevor-lawrence.php,7,90.7,88,94,,78.39,59,114,12.98,7,2026-08-30
76,76,Kyle Pitts Sr.,ATL,TE,TE6,20164,https://www.fantasypros.com/nfl/players/kyle-pitts.php,11,96.7,96,98,,78.46,60,97,10.27,7,2026-08-30
77,77,DK Metcalf,PIT,WR,WR34,18219,https://www.fantasypros.com/nfl/players/dk-metcalf.php,9,90.3,90.4,92,,80.37,52,115,13.60,7,2026-08-30
78,78,Michael Pittman Jr.,PIT,WR,WR35,19278,https://www.fantasypros.com/nfl/players/michael-pittman.php,9,82.7,88.6,81,,80.57,45,113,13.51,7,2026-08-30
79,79,Brian Thomas Jr.,JAC,WR,WR36,23000,https://www.fantasypros.com/nfl/players/brian-thomas-jr.php,7,88.8,84,91,,80.62,49,123,13.20,7,2026-08-30
80,80,Tucker Kraft,GB,TE,TE7,25298,https://www.fantasypros.com/nfl/players/tucker-kraft.php,11,93.9,89.4,99,,81.16,32,111,15.07,7,2026-08-30
81,81,Courtland Sutton,DEN,WR,WR37,17253,https://www.fantasypros.com/nfl/players/courtland-sutton.php,10,89.4,90.6,87,,84.10,45,116,15.78,7,2026-08-30
82,82,Tony Pollard,TEN,RB,RB28,18705,https://www.fantasypros.com/nfl/players/tony-pollard.php,9,86.9,86.8,91,,85.12,65,118,10.38,7,2026-08-30
83,83,Wan'Dale Robinson,TEN,WR,WR38,22985,https://www.fantasypros.com/nfl/players/wandale-robinson.php,9,74.1,80.9,65,,85.20,48,128,13.62,7,2026-08-30
84,84,Sam LaPorta,DET,TE,TE8,22978,https://www.fantasypros.com/nfl/players/sam-laporta.php,6,95.7,95.1,99,,85.20,54,131,13.80,7,2026-08-30
85,85,Rico Dowdle,PIT,RB,RB29,19647,https://www.fantasypros.com/nfl/players/rico-dowdle.php,9,87.1,86.4,91,,87.74,65,122,11.92,7,2026-08-30
86,86,Josh Downs,IND,WR,WR39,24706,https://www.fantasypros.com/nfl/players/josh-downs.php,13,77.5,72.5,86,,87.82,52,133,15.21,7,2026-08-30
87,87,Jonathon Brooks,CAR,RB,RB30,26148,https://www.fantasypros.com/nfl/players/jonathon-brooks.php,5,83,80.1,89,,88.54,56,159,17.50,7,2026-08-30
88,88,Michael Wilson,ARI,WR,WR40,25333,https://www.fantasypros.com/nfl/players/michael-wilson.php,14,86.6,84.5,87,,88.61,52,133,17.14,7,2026-08-30
89,89,Quentin Johnston,LAC,WR,WR41,23123,https://www.fantasypros.com/nfl/players/quentin-johnston.php,7,76.4,72.4,81,,94.73,68,123,13.62,7,2026-08-30
90,90,RJ Harvey,DEN,RB,RB31,27142,https://www.fantasypros.com/nfl/players/rj-harvey.php,10,83,74.6,84,,95.94,65,140,15.72,7,2026-08-30
91,91,Brock Purdy,SF,QB,QB11,19797,https://www.fantasypros.com/nfl/players/brock-purdy.php,8,86,84.4,90,,96.53,63,119,10.41,7,2026-08-30
92,92,Jaxson Dart,NYG,QB,QB12,23160,https://www.fantasypros.com/nfl/players/jaxson-dart.php,8,92.9,93.5,93,,97.72,59,119,12.26,7,2026-08-30
93,93,Bo Nix,DEN,QB,QB13,22910,https://www.fantasypros.com/nfl/players/bo-nix.php,10,89.1,88.9,92,,98.52,70,125,10.04,8,2026-08-30
94,94,Travis Kelce,KC,TE,TE9,11594,https://www.fantasypros.com/nfl/players/travis-kelce.php,5,91.8,89.1,94,,98.56,66,139,15.07,8,2026-08-30
95,95,Kenny Gainwell,TB,RB,RB32,23310,https://www.fantasypros.com/nfl/players/kenneth-gainwell.php,10,80.4,82.1,79,,99.80,67,138,14.29,8,2026-08-30
96,96,George Kittle,SF,TE,TE10,16499,https://www.fantasypros.com/nfl/players/george-kittle.php,8,90.9,90.5,96,,99.96,66,229,18.02,8,2026-08-30
97,97,Alec Pierce,IND,WR,WR42,23791,https://www.fantasypros.com/nfl/players/alec-pierce.php,13,84.1,84.7,87,,100.75,62,142,19.87,8,2026-08-30
98,98,Chuba Hubbard,CAR,RB,RB33,19792,https://www.fantasypros.com/nfl/players/chuba-hubbard.php,5,86.6,82.4,88,,100.87,72,146,17.61,8,2026-08-30
99,99,Stefon Diggs,WAS,WR,WR43,13981,https://www.fantasypros.com/nfl/players/stefon-diggs.php,7,81.5,75.6,86,,95.40,52,224,29.16,8,2026-08-30
100,100,Patrick Mahomes II,KC,QB,QB14,16413,https://www.fantasypros.com/nfl/players/patrick-mahomes.php,5,87,85.6,88,,101.89,63,139,12.14,8,2026-08-30
101,101,MarShawn Lloyd,GB,RB,RB34,23118,https://www.fantasypros.com/nfl/players/marshawn-lloyd.php,11,44.3,31.8,44,,102.26,77,155,26.37,8,2026-08-30
102,102,J.K. Dobbins,DEN,RB,RB35,19245,https://www.fantasypros.com/nfl/players/jk-dobbins.php,10,83.7,81.7,89,,102.36,78,127,15.53,8,2026-08-30
103,103,Jakobi Meyers,JAC,WR,WR44,18598,https://www.fantasypros.com/nfl/players/jakobi-meyers.php,7,71.9,80,56,,104.81,68,142,17.89,8,2026-08-30
104,104,Jayden Reed,GB,WR,WR45,23020,https://www.fantasypros.com/nfl/players/jayden-reed.php,11,79.1,71.3,83,,105.10,76,137,14.35,8,2026-08-30
105,105,Matthew Stafford,LAR,QB,QB15,9451,https://www.fantasypros.com/nfl/players/matthew-stafford.php,11,92,92.7,92,,105.14,70,129,12.07,8,2026-08-30
106,106,Jordan Addison,MIN,WR,WR46,23107,https://www.fantasypros.com/nfl/players/jordan-addison.php,6,80.6,79.9,83,,106.20,71,165,16.79,8,2026-08-30
107,107,Jared Goff,DET,QB,QB16,15501,https://www.fantasypros.com/nfl/players/jared-goff.php,6,76.2,66.7,84,,106.54,63,131,9.87,8,2026-08-30
108,108,Josh Jacobs,GB,RB,RB36,18269,https://www.fantasypros.com/nfl/players/josh-jacobs.php,11,98.1,98.5,99,,107.05,41,288,55.32,8,2026-08-30
109,109,Makai Lemon,PHI,WR,WR47,25420,https://www.fantasypros.com/nfl/players/makai-lemon.php,10,78.1,74.3,75,,107.57,68,142,17.26,8,2026-08-30
110,110,Blake Corum,LAR,RB,RB37,23013,https://www.fantasypros.com/nfl/players/blake-corum.php,11,81.7,74.6,87,,110.36,80,141,14.41,8,2026-08-30
111,111,Dalton Kincaid,BUF,TE,TE11,25247,https://www.fantasypros.com/nfl/players/dalton-kincaid.php,7,85.3,71.9,92,,112.50,87,155,15.34,8,2026-08-30
112,112,Kyler Murray,MIN,QB,QB17,18600,https://www.fantasypros.com/nfl/players/kyler-murray.php,6,67.4,60.3,78,,112.99,98,139,9.00,8,2026-08-30
113,113,Rachaad White,WAS,RB,RB38,23891,https://www.fantasypros.com/nfl/players/rachaad-white.php,7,69.4,73.4,67,,113.15,75,156,17.01,8,2026-08-30
114,114,Jacory Croskey-Merritt,WAS,RB,RB39,27316,https://www.fantasypros.com/nfl/players/jacory-croskeymerritt.php,7,77.4,70.8,83,,114.43,72,141,15.70,8,2026-08-30
115,115,Jordan Mason,MIN,RB,RB40,22969,https://www.fantasypros.com/nfl/players/jordan-mason.php,6,72,63.6,82,,115.26,78,157,17.40,8,2026-08-30
116,116,KC Concepcion,CLE,WR,WR48,27331,https://www.fantasypros.com/nfl/players/kevin-concepcion.php,11,67,64.7,66,,116.79,71,289,31.41,8,2026-08-30
117,117,Jake Ferguson,DAL,TE,TE12,22718,https://www.fantasypros.com/nfl/players/jake-ferguson.php,14,83.9,85.6,81,,117.38,73,179,20.02,8,2026-08-30
118,118,Aaron Jones Sr.,MIN,RB,RB41,16673,https://www.fantasypros.com/nfl/players/aaron-jones.php,6,74.4,78.5,69,,117.71,77,151,16.51,8,2026-08-30
119,119,Kyle Monangai,CHI,RB,RB42,27131,https://www.fantasypros.com/nfl/players/kyle-monangai.php,10,80.5,77,81,,118.26,84,160,14.42,8,2026-08-30
120,120,Baker Mayfield,TB,QB,QB18,17237,https://www.fantasypros.com/nfl/players/baker-mayfield.php,10,60.5,53.1,57,,118.44,70,141,9.44,8,2026-08-30
121,121,Jordan Love,GB,QB,QB19,19246,https://www.fantasypros.com/nfl/players/jordan-love.php,11,56.7,35,64,,118.82,92,144,9.61,8,2026-08-30
122,122,Dallas Goedert,PHI,TE,TE13,17270,https://www.fantasypros.com/nfl/players/dallas-goedert.php,10,86.5,88.9,91,,119.32,95,173,17.50,8,2026-08-30
123,123,Isaiah Likely,NYG,TE,TE14,23781,https://www.fantasypros.com/nfl/players/isaiah-likely.php,8,82,79.1,88,,121.85,87,236,29.09,8,2026-08-30
124,124,Khalil Shakir,BUF,WR,WR49,23748,https://www.fantasypros.com/nfl/players/khalil-shakir.php,7,60.4,71.7,41,,123.14,82,184,16.46,8,2026-08-30
125,125,Jalen Coker,CAR,WR,WR50,26403,https://www.fantasypros.com/nfl/players/jalen-coker.php,5,51.9,42.5,52,,124.15,88,176,15.94,8,2026-08-30
126,126,Tyler Shough,NO,QB,QB20,23096,https://www.fantasypros.com/nfl/players/tyler-shough.php,8,43.8,44.1,42,,124.63,98,207,14.51,8,2026-08-30
127,127,Romeo Doubs,NE,WR,WR51,23794,https://www.fantasypros.com/nfl/players/romeo-doubs.php,11,60.7,59.5,51,,126.40,81,176,15.34,8,2026-08-30
128,128,Matthew Golden,GB,WR,WR52,26024,https://www.fantasypros.com/nfl/players/matthew-golden.php,11,75.7,84.1,70,,127.86,81,184,21.53,8,2026-08-30
129,129,Malik Willis,MIA,QB,QB21,23499,https://www.fantasypros.com/nfl/players/malik-willis.php,6,39.1,19,42,,128.80,98,255,19.95,8,2026-08-30
130,130,Xavier Worthy,KC,WR,WR53,23019,https://www.fantasypros.com/nfl/players/xavier-worthy.php,5,65.3,74.6,53,,129.63,91,184,16.44,9,2026-08-30
131,131,Juwan Johnson,NO,TE,TE15,19562,https://www.fantasypros.com/nfl/players/juwan-johnson.php,8,50,34.8,56,,132.33,87,226,23.73,9,2026-08-30
132,132,Mark Andrews,BAL,TE,TE16,17269,https://www.fantasypros.com/nfl/players/mark-andrews.php,13,82.2,80.9,86,,133.91,87,226,24.81,9,2026-08-30
133,133,Jordyn Tyson,NO,WR,WR54,26035,https://www.fantasypros.com/nfl/players/jordyn-tyson.php,8,65,47.4,61,,136.94,91,241,29.45,9,2026-08-30
134,134,Woody Marks,HOU,RB,RB43,27520,https://www.fantasypros.com/nfl/players/woody-marks.php,8,52,59.5,42,,137.04,103,177,14.08,9,2026-08-30
135,135,De'Zhaun Stribling,SF,WR,WR55,28138,https://www.fantasypros.com/nfl/players/dezhaun-stribling.php,8,53.4,50.4,67,,133.72,62,316,50.17,9,2026-08-30
136,136,Tyjae Spears,TEN,RB,RB44,25323,https://www.fantasypros.com/nfl/players/tyjae-spears.php,9,43.8,44.6,34,,139.63,93,189,16.06,9,2026-08-30
137,137,Tyler Allgeier,ARI,RB,RB45,24172,https://www.fantasypros.com/nfl/players/tyler-allgeier.php,14,45.2,29.6,44,,139.74,103,182,12.74,9,2026-08-30
138,138,Sam Darnold,SEA,QB,QB22,17236,https://www.fantasypros.com/nfl/players/sam-darnold.php,11,39.7,23.9,38,,140.18,114,208,13.72,9,2026-08-30
139,139,Chris Rodriguez Jr.,JAC,RB,RB46,22986,https://www.fantasypros.com/nfl/players/chris-rodriguez-jr.php,7,46.8,24.9,55,,140.42,102,231,19.02,9,2026-08-30
140,140,C.J. Stroud,HOU,QB,QB23,23071,https://www.fantasypros.com/nfl/players/cj-stroud.php,8,33.2,21.6,27,,144.60,108,236,17.45,9,2026-08-30
141,141,Daniel Jones,IND,QB,QB24,18232,https://www.fantasypros.com/nfl/players/daniel-jones.php,13,35,35,25,,147.49,113,255,24.78,9,2026-08-30
142,142,Deebo Samuel Sr.,SF,WR,WR56,18244,https://www.fantasypros.com/nfl/players/deebo-samuel.php,8,60.5,70,49,,140.12,81,232,32.33,9,2026-08-30
143,143,Dylan Sampson,CLE,RB,RB47,27102,https://www.fantasypros.com/nfl/players/dylan-sampson.php,11,19.4,13.1,15,,148.60,89,228,20.05,9,2026-08-30
144,144,Rashid Shaheed,SEA,WR,WR57,24687,https://www.fantasypros.com/nfl/players/rashid-shaheed.php,11,48.2,43,45,,148.88,123,205,16.38,9,2026-08-30
145,145,Keaton Mitchell,LAC,RB,RB48,25360,https://www.fantasypros.com/nfl/players/keaton-mitchell.php,7,34.5,17.4,38,,152.88,102,301,29.71,9,2026-08-30
146,146,Zach Charbonnet,SEA,RB,RB49,23152,https://www.fantasypros.com/nfl/players/zach-charbonnet.php,11,57.6,55.3,53,,153.94,118,292,28.28,9,2026-08-30
147,147,Denzel Boston,CLE,WR,WR58,27339,https://www.fantasypros.com/nfl/players/denzel-boston.php,11,36.2,23.6,29,,154.17,100,305,36.95,9,2026-08-30
148,148,Jonah Coleman,DEN,RB,RB50,27320,https://www.fantasypros.com/nfl/players/jonah-coleman.php,10,31.9,13.8,29,,155.38,117,304,29.71,9,2026-08-30
149,149,Cam Ward,TEN,QB,QB25,24755,https://www.fantasypros.com/nfl/players/cam-ward.php,9,16.6,9.7,15,,155.49,128,246,18.95,9,2026-08-30
150,150,Brenton Strange,JAC,TE,TE17,25345,https://www.fantasypros.com/nfl/players/brenton-strange.php,7,42.3,21.1,39,,160.11,112,236,24.75,9,2026-08-30
151,151,Chig Okonkwo,WAS,TE,TE18,23982,https://www.fantasypros.com/nfl/players/chigoziem-okonkwo.php,7,36.2,8.7,44,,160.85,112,226,23.94,9,2026-08-30
152,152,Dalton Schultz,HOU,TE,TE19,17349,https://www.fantasypros.com/nfl/players/dalton-schultz.php,8,28.3,17,34,,161.87,111,226,24.63,9,2026-08-30
153,153,Tre Tucker,LV,WR,WR59,25337,https://www.fantasypros.com/nfl/players/tre-tucker.php,13,23.1,22.6,19,,162.84,110,247,26.64,9,2026-08-30
154,154,Houston Texans,HOU,D/ST,DST1,8120,https://www.fantasypros.com/nfl/players/houston-defense.php,8,97.8,96,99,,152.93,143,175,5.52,9,2026-08-30
155,155,Alvin Kamara,NO,RB,RB51,16421,https://www.fantasypros.com/nfl/players/alvin-kamara.php,8,41.5,41.8,29,,165.76,127,251,31.68,9,2026-08-30
156,156,Isiah Pacheco,DET,RB,RB52,24333,https://www.fantasypros.com/nfl/players/isiah-pacheco.php,6,39.3,41.7,26,,166.34,127,284,29.20,9,2026-08-30
157,157,Hunter Henry,NE,TE,TE20,15561,https://www.fantasypros.com/nfl/players/hunter-henry.php,11,63.7,59,56,,166.50,112,236,24.20,9,2026-08-30
158,158,Adonai Mitchell,NYJ,WR,WR60,24357,https://www.fantasypros.com/nfl/players/adonai-mitchell.php,13,14.4,14.1,15,,168.28,110,244,26.45,9,2026-08-30
159,159,Tyrone Tracy Jr.,NYG,RB,RB53,22980,https://www.fantasypros.com/nfl/players/tyrone-tracy-jr.php,8,29.5,12.9,28,,166.25,117,310,36.74,9,2026-08-30
160,160,Mike Washington Jr.,LV,RB,RB54,28108,https://www.fantasypros.com/nfl/players/mike-washington-jr.php,13,43.3,38.4,53,-20,162.62,86,257,33.79,10,2026-08-30
161,161,Tank Bigsby,PHI,RB,RB55,22908,https://www.fantasypros.com/nfl/players/tank-bigsby.php,10,31,17.7,32,,172.47,133,233,25.44,10,2026-08-30
162,162,Bryce Young,CAR,QB,QB26,22900,https://www.fantasypros.com/nfl/players/bryce-young.php,5,23.1,9.6,14,,172.51,139,326,30.31,10,2026-08-30
163,163,Jerry Jeudy,CLE,WR,WR61,19201,https://www.fantasypros.com/nfl/players/jerry-jeudy.php,11,28.1,28.1,13,,169.31,115,272,27.83,10,2026-08-30
164,164,Braelon Allen,NYJ,RB,RB56,24346,https://www.fantasypros.com/nfl/players/braelon-allen.php,13,16.1,10.2,15,,174.95,127,301,30.16,10,2026-08-30
165,165,Denver Broncos,DEN,D/ST,DST2,8090,https://www.fantasypros.com/nfl/players/denver-defense.php,10,97.6,97.7,99,,163.65,149,210,7.56,10,2026-08-30
166,166,Jalen McMillan,TB,WR,WR62,23179,https://www.fantasypros.com/nfl/players/jalen-mcmillan.php,10,21.4,23.5,17,,172.07,133,303,26.77,10,2026-08-30
167,167,Jauan Jennings,MIN,WR,WR63,19590,https://www.fantasypros.com/nfl/players/jauan-jennings.php,6,24.8,8.9,11,,168.86,109,285,32.72,10,2026-08-30
168,168,Los Angeles Rams,LAR,D/ST,DST3,8280,https://www.fantasypros.com/nfl/players/los-angeles-rams-defense.php,11,86.9,67,99,,167.66,144,206,8.03,10,2026-08-30
169,169,Seattle Seahawks,SEA,D/ST,DST4,8260,https://www.fantasypros.com/nfl/players/seattle-defense.php,11,96.8,92.3,99,,168.10,148,280,12.93,10,2026-08-30
170,170,Kayshon Boutte,HOU,WR,WR64,22989,https://www.fantasypros.com/nfl/players/kayshon-boutte.php,8,17.6,8.2,10,12,175.76,126,273,27.67,10,2026-08-30
171,171,Tre' Harris,LAC,WR,WR65,26215,https://www.fantasypros.com/nfl/players/tre-harris.php,7,7.8,4.4,5,,182.45,121,277,29.65,10,2026-08-30
172,172,Brian Robinson Jr.,ATL,RB,RB57,20094,https://www.fantasypros.com/nfl/players/brian-robinson-jr.php,11,37.2,24.1,23,,181.81,134,278,26.20,10,2026-08-30
173,173,Dontayvion Wicks,PHI,WR,WR66,24354,https://www.fantasypros.com/nfl/players/dontayvion-wicks.php,10,13.2,8.3,11,,186.65,110,289,34.28,10,2026-08-30
174,174,Omar Cooper Jr.,NYJ,WR,WR67,28127,https://www.fantasypros.com/nfl/players/omar-cooper-jr.php,13,23.9,8.4,9,,184.12,126,315,39.75,10,2026-08-30
175,175,Philadelphia Eagles,PHI,D/ST,DST5,8230,https://www.fantasypros.com/nfl/players/philadelphia-defense.php,10,85.3,71.5,95,,175.44,156,235,9.35,10,2026-08-30
176,176,Ryan Flournoy,DAL,WR,WR68,26398,https://www.fantasypros.com/nfl/players/ryan-flournoy.php,14,8.6,4.2,8,,184.65,136,329,30.67,10,2026-08-30
177,177,T.J. Hockenson,MIN,TE,TE21,18290,https://www.fantasypros.com/nfl/players/tj-hockenson.php,6,48.8,68.2,23,,191.37,112,298,27.18,10,2026-08-30
178,178,Brandon Aubrey,DAL,K,K1,26068,https://www.fantasypros.com/nfl/players/brandon-aubrey.php,14,99.7,99.8,100,,185.47,129,193,8.30,10,2026-08-30
179,179,Pat Bryant,DEN,WR,WR69,27211,https://www.fantasypros.com/nfl/players/pat-bryant.php,10,6.9,2.2,6,,189.87,116,293,31.46,10,2026-08-30
180,180,Pittsburgh Steelers,PIT,D/ST,DST6,8240,https://www.fantasypros.com/nfl/players/pittsburgh-defense.php,9,67.9,74.8,76,,186.60,161,239,8.57,10,2026-08-30
181,181,Jacoby Brissett,ARI,QB,QB27,15642,https://www.fantasypros.com/nfl/players/jacoby-brissett.php,14,16.4,4.5,8,,195.18,129,338,40.87,10,2026-08-30
182,182,Emmett Johnson,KC,RB,RB58,28107,https://www.fantasypros.com/nfl/players/emmett-johnson.php,5,20.4,3.7,11,,191.65,132,352,39.39,10,2026-08-30
183,183,New England Patriots,NE,D/ST,DST7,8180,https://www.fantasypros.com/nfl/players/new-england-defense.php,11,84.3,88.7,85,,187.80,160,356,21.30,10,2026-08-30
184,184,Ray Davis,BUF,RB,RB59,26191,https://www.fantasypros.com/nfl/players/ray-davis.php,7,12.3,10.1,12,,194.48,144,260,33.33,10,2026-08-30
185,185,Minnesota Vikings,MIN,D/ST,DST8,8170,https://www.fantasypros.com/nfl/players/minnesota-defense.php,6,63.2,44.8,85,,186.47,164,252,13.12,10,2026-08-30
186,186,Malik Washington,MIA,WR,WR70,26314,https://www.fantasypros.com/nfl/players/malik-washington.php,6,17.5,7.5,12,,193.44,109,289,34.21,10,2026-08-30
187,187,Jalen Nailor,LV,WR,WR71,24177,https://www.fantasypros.com/nfl/players/jalen-nailor.php,13,27.9,12.3,20,,193.81,123,302,35.68,10,2026-08-30
188,188,Travis Hunter,JAC,WR,WR72,26034,https://www.fantasypros.com/nfl/players/travis-hunter.php,7,65.5,73.4,23,,189.04,96,305,39.22,10,2026-08-30
189,189,Jacksonville Jaguars,JAC,D/ST,DST9,8140,https://www.fantasypros.com/nfl/players/jacksonville-defense.php,7,69.5,70,82,,189.53,151,280,17.03,10,2026-08-30
190,190,Cameron Dicker,LAC,K,K2,23901,https://www.fantasypros.com/nfl/players/cameron-dicker.php,7,97.5,99.1,99,,194.84,150,333,15.68,10,2026-08-30
191,191,Ka'imi Fairbairn,HOU,K,K3,15756,https://www.fantasypros.com/nfl/players/kaimi-fairbairn.php,8,92.1,93.3,98,,192.19,134,212,7.45,10,2026-08-30
192,192,Kimani Vidal,LAC,RB,RB60,26355,https://www.fantasypros.com/nfl/players/kimani-vidal.php,7,5.8,2.9,3,,201.13,157,318,36.53,10,2026-08-30
193,193,Los Angeles Chargers,LAC,D/ST,DST10,8250,https://www.fantasypros.com/nfl/players/los-angeles-chargers-defense.php,7,44.6,39.3,62,,193.53,171,356,22.45,10,2026-08-30
194,194,Keenan Allen,IND,WR,WR73,11616,https://www.fantasypros.com/nfl/players/keenan-allen.php,13,26.2,23.6,25,,194.83,96,303,58.72,10,2026-08-30
195,195,Calvin Ridley,TEN,WR,WR74,17258,https://www.fantasypros.com/nfl/players/calvin-ridley.php,9,12.4,23.3,5,,203.98,133,312,33.37,10,2026-08-30
196,196,Terrance Ferguson,LAR,TE,TE22,23091,https://www.fantasypros.com/nfl/players/terrance-ferguson.php,11,19.6,23.5,15,,205.35,112,281,43.25,10,2026-08-30
197,197,Baltimore Ravens,BAL,D/ST,DST11,8020,https://www.fantasypros.com/nfl/players/baltimore-defense.php,13,57,43.4,56,,198.69,161,356,23.64,10,2026-08-30
198,198,AJ Barner,SEA,TE,TE23,26335,https://www.fantasypros.com/nfl/players/aj-barner.php,11,19.7,6.8,18,,210.48,124,268,26.21,10,2026-08-30
199,199,Cam Little,JAC,K,K4,26475,https://www.fantasypros.com/nfl/players/cam-little.php,7,92.5,87.6,96,,199.02,168,253,8.77,10,2026-08-30
200,200,Jason Myers,SEA,K,K5,14003,https://www.fantasypros.com/nfl/players/jason-myers.php,11,97,97.9,97,,200.64,171,253,8.45,10,2026-08-30
201,201,Jaylin Noel,HOU,WR,WR75,27122,https://www.fantasypros.com/nfl/players/jaylin-noel.php,8,6.5,6.3,3,,200.90,140,319,30.60,10,2026-08-30
202,202,Oronde Gadsden II,LAC,TE,TE24,25997,https://www.fantasypros.com/nfl/players/oronde-gadsden-ii.php,7,28.8,4.6,19,,212.53,97,295,41.88,11,2026-08-30
203,203,Sean Tucker,TB,RB,RB61,23679,https://www.fantasypros.com/nfl/players/sean-tucker.php,10,10.5,0.9,2,,207.74,152,337,37.39,11,2026-08-30
204,204,Tyler Loop,BAL,K,K6,27534,https://www.fantasypros.com/nfl/players/tyler-loop.php,13,56.9,51.8,83,,209.94,181,282,14.20,11,2026-08-30
205,205,Kansas City Chiefs,KC,D/ST,DST12,8150,https://www.fantasypros.com/nfl/players/kansas-city-defense.php,5,20.4,33.5,13,,210.52,178,280,18.49,11,2026-08-30
206,206,Eddy Pineiro,SF,K,K7,17575,https://www.fantasypros.com/nfl/players/eddy-pineiro.php,8,61.4,82.5,64,,209.06,175,250,11.72,11,2026-08-30
207,207,Gunnar Helm,TEN,TE,TE25,27109,https://www.fantasypros.com/nfl/players/gunnar-helm.php,9,7.7,5.4,3,,221.20,142,316,32.71,11,2026-08-30
208,208,Nicholas Singleton,TEN,RB,RB62,24343,https://www.fantasypros.com/nfl/players/nick-singleton.php,9,16.3,2.2,5,,218.11,153,323,37.35,11,2026-08-30
209,209,James Conner,ARI,RB,RB63,16447,https://www.fantasypros.com/nfl/players/james-conner.php,14,17.5,3.4,5,,210.66,130,327,45.49,11,2026-08-30
210,210,Green Bay Packers,GB,D/ST,DST13,8110,https://www.fantasypros.com/nfl/players/green-bay-defense.php,11,29.1,49.8,20,,203.77,183,280,20.97,11,2026-08-30
211,211,Aaron Rodgers,PIT,QB,QB28,9001,https://www.fantasypros.com/nfl/players/aaron-rodgers.php,9,11.5,6.4,10,,217.58,153,341,37.39,11,2026-08-30
212,212,Kenyon Sadiq,NYJ,TE,TE26,26055,https://www.fantasypros.com/nfl/players/kenyon-sadiq.php,13,49,57.6,19,,223.17,138,375,34.40,11,2026-08-30
213,213,Jake Bates,DET,K,K8,26075,https://www.fantasypros.com/nfl/players/jake-bates.php,6,69.8,70.9,62,,220.89,189,255,14.79,11,2026-08-30
214,214,Geno Smith,NYJ,QB,QB29,11687,https://www.fantasypros.com/nfl/players/geno-smith.php,13,7.6,3.5,5,,226.28,147,342,34.66,11,2026-08-30
215,215,Tank Dell,HOU,WR,WR76,25361,https://www.fantasypros.com/nfl/players/nathaniel-dell.php,8,27.6,35.5,9,,215.47,149,347,32.03,11,2026-08-30
216,216,Cooper Kupp,SEA,WR,WR77,16433,https://www.fantasypros.com/nfl/players/cooper-kupp.php,11,15.5,11.2,11,,223.29,142,289,28.35,11,2026-08-30
217,217,Darnell Mooney,NYG,WR,WR78,19810,https://www.fantasypros.com/nfl/players/darnell-mooney.php,8,9.6,3,2,,220.44,154,334,26.96,11,2026-08-30
218,218,Cairo Santos,CHI,K,K9,13731,https://www.fantasypros.com/nfl/players/cairo-santos.php,10,29.9,33.3,39,,216.98,193,282,12.66,11,2026-08-30
219,219,Isaac TeSlaa,DET,WR,WR79,27446,https://www.fantasypros.com/nfl/players/isaac-teslaa.php,6,8.6,3.7,7,,218.79,166,302,26.38,11,2026-08-30
220,220,Evan McPherson,CIN,K,K10,23297,https://www.fantasypros.com/nfl/players/evan-mcpherson.php,6,39.5,17.6,53,,216.91,173,282,16.42,11,2026-08-30
221,221,Rashod Bateman,BAL,WR,WR80,19794,https://www.fantasypros.com/nfl/players/rashod-bateman.php,13,6.4,8.6,3,,228.08,150,330,30.53,11,2026-08-30
222,222,Troy Franklin,DEN,WR,WR81,23092,https://www.fantasypros.com/nfl/players/troy-franklin.php,10,3.6,1.5,1,,216.73,128,341,41.14,11,2026-08-30
223,223,Detroit Lions,DET,D/ST,DST14,8100,https://www.fantasypros.com/nfl/players/detroit-defense.php,6,61.7,75.5,47,,221.19,183,330,25.63,11,2026-08-30
224,224,Andy Borregales,NE,K,K11,27291,https://www.fantasypros.com/nfl/players/andres-borregales.php,11,20.5,3,13,,222.29,188,282,18.15,11,2026-08-30
225,225,Chase McLaughlin,TB,K,K12,19058,https://www.fantasypros.com/nfl/players/chase-mclaughlin.php,10,16.2,15.9,12,,226.16,192,286,19.33,11,2026-08-30
226,226,Harrison Mevis,LAR,K,K13,26638,https://www.fantasypros.com/nfl/players/harrison-mevis.php,11,71.3,92.2,59,,229.86,193,333,25.78,11,2026-08-30
227,227,Cleveland Browns,CLE,D/ST,DST15,8070,https://www.fantasypros.com/nfl/players/cleveland-defense.php,11,19.8,50.9,5,,219.22,183,325,32.48,11,2026-08-30
228,228,Pat Freiermuth,PIT,TE,TE27,20163,https://www.fantasypros.com/nfl/players/pat-freiermuth.php,9,10.8,13.5,6,,238.64,155,333,28.34,11,2026-08-30
229,229,Jaydon Blue,DAL,RB,RB64,24344,https://www.fantasypros.com/nfl/players/jaydon-blue.php,14,7.5,3.5,8,,233.44,145,338,44.48,11,2026-08-30
230,230,Kaytron Allen,WAS,RB,RB65,24362,https://www.fantasypros.com/nfl/players/kaytron-allen.php,7,12.3,1.6,3,,234.54,156,343,35.69,11,2026-08-30
231,231,Buffalo Bills,BUF,D/ST,DST16,8030,https://www.fantasypros.com/nfl/players/buffalo-defense.php,7,30.6,63.5,18,,229.39,189,349,27.25,11,2026-08-30
232,232,Emanuel Wilson,SEA,RB,RB66,25885,https://www.fantasypros.com/nfl/players/emanuel-wilson.php,11,2.8,0.6,1,,231.41,162,393,42.21,11,2026-08-30
233,233,Ja'Kobi Lane,BAL,WR,WR82,27337,https://www.fantasypros.com/nfl/players/jakobi-lane.php,13,22.9,17.1,16,,219.08,137,328,49.79,11,2026-08-30
234,234,Germie Bernard,PIT,WR,WR83,26039,https://www.fantasypros.com/nfl/players/germie-bernard.php,9,12.4,7.4,2,,236.66,166,328,32.44,11,2026-08-30
235,235,Cade Otton,TB,TE,TE28,23181,https://www.fantasypros.com/nfl/players/cade-otton.php,10,14.9,2.5,3,,242.32,196,320,24.51,11,2026-08-30
236,236,Antonio Williams,WAS,WR,WR84,25418,https://www.fantasypros.com/nfl/players/antonio-williams-wr.php,7,16.1,3,3,,234.33,136,366,42.56,11,2026-08-30
237,237,Zachariah Branch,ATL,WR,WR85,25419,https://www.fantasypros.com/nfl/players/zachariah-branch.php,11,17,5.5,4,,236.72,140,315,36.71,11,2026-08-30
238,238,Greg Dulcich,MIA,TE,TE29,23153,https://www.fantasypros.com/nfl/players/greg-dulcich.php,6,14.5,3.4,11,,209.61,131,306,39.20,11,2026-08-30
239,239,Jaylen Wright,MIA,RB,RB67,25987,https://www.fantasypros.com/nfl/players/jaylen-wright.php,6,4.2,2.1,2,,238.52,164,311,29.10,11,2026-08-30
240,240,Justice Hill,BAL,RB,RB68,18256,https://www.fantasypros.com/nfl/players/justice-hill.php,13,10.3,13.3,3,,236.93,141,327,41.64,11,2026-08-30
241,241,George Holani,SEA,RB,RB69,22915,https://www.fantasypros.com/nfl/players/george-holani.php,11,5,2.7,2,,243.91,154,332,40.32,11,2026-08-30
242,242,Caleb Douglas,MIA,WR,WR86,28135,https://www.fantasypros.com/nfl/players/caleb-douglas.php,6,9.3,13.3,7,,205.58,133,341,54.13,11,2026-08-30
243,243,Malachi Fields,NYG,WR,WR87,27994,https://www.fantasypros.com/nfl/players/malachi-fields.php,8,10.7,2.6,5,,233.43,149,328,36.21,11,2026-08-30
244,244,Kaelon Black,SF,RB,RB70,28401,https://www.fantasypros.com/nfl/players/kaelon-black.php,8,12.9,6.3,13,,240.71,146,356,51.87,11,2026-08-30
245,245,Chris Bell,MIA,WR,WR88,26038,https://www.fantasypros.com/nfl/players/chris-bell.php,6,11.6,2.5,3,,239.34,150,309,35.94,11,2026-08-30
246,246,Jack Bech,LV,WR,WR89,27224,https://www.fantasypros.com/nfl/players/jack-bech.php,13,2.9,1.4,1,,241.73,140,391,32.90,11,2026-08-30
247,247,Keon Coleman,BUF,WR,WR90,26019,https://www.fantasypros.com/nfl/players/keon-coleman.php,7,4.4,2.5,2,,246.80,154,331,32.39,11,2026-08-30
248,248,Chris Boswell,PIT,K,K14,13029,https://www.fantasypros.com/nfl/players/chris-boswell.php,9,32,38,24,,241.97,195,282,18.66,11,2026-08-30
249,249,Harrison Butker,KC,K,K15,16712,https://www.fantasypros.com/nfl/players/harrison-butker.php,5,45,79.1,25,,243.87,192,333,25.89,11,2026-08-30
250,250,David Njoku,LAC,TE,TE30,16399,https://www.fantasypros.com/nfl/players/david-njoku.php,7,15.6,5.1,5,,251.89,173,355,27.21,11,2026-08-30
251,251,Evan Engram,DEN,TE,TE31,16411,https://www.fantasypros.com/nfl/players/evan-engram.php,10,7.9,3.2,2,,256.77,181,306,25.63,11,2026-08-30
252,252,Devaughn Vele,NO,WR,WR91,26409,https://www.fantasypros.com/nfl/players/devaughn-vele.php,8,7.9,7.2,2,,247.38,154,300,37.31,11,2026-08-30
253,253,Fernando Mendoza,LV,QB,QB30,28013,https://www.fantasypros.com/nfl/players/fernando-mendoza.php,13,25.5,10.6,13,,257.74,159,368,41.26,12,2026-08-30
254,254,Ted Hurst III,TB,WR,WR92,28130,https://www.fantasypros.com/nfl/players/ted-hurst.php,10,9.4,1,2,,243.90,154,391,41.02,12,2026-08-30
255,255,Chimere Dike,TEN,WR,WR93,27315,https://www.fantasypros.com/nfl/players/chimere-dike.php,9,3.9,1.2,3,,245.01,165,346,38.55,12,2026-08-30
256,256,Najee Harris,NYG,RB,RB71,19302,https://www.fantasypros.com/nfl/players/najee-harris-rb.php,8,9,6.3,6,,244.36,135,337,48.85,12,2026-08-30
257,257,Demond Claiborne,MIN,RB,RB72,28084,https://www.fantasypros.com/nfl/players/demond-claiborne.php,6,9.5,1,2,,253.36,151,354,33.05,12,2026-08-30
258,258,Isaiah Davis,NYJ,RB,RB73,25977,https://www.fantasypros.com/nfl/players/isaiah-davis.php,13,1.6,0.9,1,,258.59,164,322,27.39,12,2026-08-30
259,259,Ty Johnson,BUF,RB,RB74,18406,https://www.fantasypros.com/nfl/players/ty-johnson.php,7,1.4,1.5,1,,258.69,162,332,31.96,12,2026-08-30
260,260,Elic Ayomanor,TEN,WR,WR94,27059,https://www.fantasypros.com/nfl/players/elic-ayomanor.php,9,2.3,0.2,1,,251.39,178,350,35.57,12,2026-08-30
261,261,Ollie Gordon II,MIA,RB,RB75,25984,https://www.fantasypros.com/nfl/players/ollie-gordon.php,6,1.9,1.5,2,,252.36,175,322,26.91,12,2026-08-30
262,262,Samaje Perine,CIN,RB,RB76,16423,https://www.fantasypros.com/nfl/players/samaje-perine.php,6,5,4.4,3,,263.96,152,331,40.79,12,2026-08-30
263,263,LeQuint Allen Jr.,JAC,RB,RB77,27285,https://www.fantasypros.com/nfl/players/lequint-allen-jr.php,7,1.7,0.6,0,,263.10,160,343,30.28,12,2026-08-30
264,264,Colby Parkinson,LAR,TE,TE32,19372,https://www.fantasypros.com/nfl/players/colby-parkinson.php,11,11.4,1.4,2,,267.59,215,336,20.02,12,2026-08-30
265,265,Jordan James,SF,RB,RB78,27310,https://www.fantasypros.com/nfl/players/jordan-james.php,8,4.2,3.6,2,,263.72,164,338,37.94,12,2026-08-30
266,266,Cyrus Allen,KC,WR,WR95,28424,https://www.fantasypros.com/nfl/players/cyrus-allen.php,5,10.8,5.3,9,,219.14,126,376,59.14,12,2026-08-30
267,267,Tory Horton,SEA,WR,WR96,26022,https://www.fantasypros.com/nfl/players/tory-horton.php,11,3.3,1,1,,261.03,199,369,27.84,12,2026-08-30
268,268,Wil Lutz,DEN,K,K16,16026,https://www.fantasypros.com/nfl/players/wil-lutz.php,10,10.5,5.7,19,,265.97,182,333,28.72,12,2026-08-30
269,269,Will Reichard,MIN,K,K17,26341,https://www.fantasypros.com/nfl/players/will-reichard.php,6,45.6,31.3,54,,254.04,190,333,29.43,12,2026-08-30
270,270,Chris Brooks,GB,RB,RB79,25823,https://www.fantasypros.com/nfl/players/christopher-brooks.php,11,1.7,0.9,1,,269.43,237,289,19.62,12,2026-08-30
271,271,Tyquan Thornton,KC,WR,WR97,22913,https://www.fantasypros.com/nfl/players/tyquan-thornton.php,5,3.6,1,1,,265.39,166,324,29.99,12,2026-08-30
272,272,Darius Slayton,NYG,WR,WR98,18706,https://www.fantasypros.com/nfl/players/darius-slayton.php,8,1.9,1.4,1,,266.37,184,334,25.94,12,2026-08-30
273,273,Tua Tagovailoa,ATL,QB,QB31,19198,https://www.fantasypros.com/nfl/players/tua-tagovailoa.php,11,12.7,1.7,3,,277.22,139,348,34.29,12,2026-08-30
274,274,Christian Kirk,SF,WR,WR99,17268,https://www.fantasypros.com/nfl/players/christian-kirk.php,8,6.5,1,1,,266.30,202,382,32.79,12,2026-08-30
275,275,Elijah Sarratt,BAL,WR,WR100,27463,https://www.fantasypros.com/nfl/players/elijah-sarratt.php,13,8.3,0.4,1,,263.60,208,323,23.63,12,2026-08-30
276,276,Mason Taylor,NYJ,TE,TE33,26005,https://www.fantasypros.com/nfl/players/mason-taylor.php,13,3.5,0.5,1,,276.58,200,342,26.49,12,2026-08-30
277,277,Malik Davis,DAL,RB,RB80,24205,https://www.fantasypros.com/nfl/players/malik-davis.php,14,2.7,0.5,1,,270.68,156,358,33.80,12,2026-08-30
278,278,Xavier Legette,CAR,WR,WR101,26136,https://www.fantasypros.com/nfl/players/xavier-legette.php,5,1.7,2.3,1,,263.55,184,335,31.06,12,2026-08-30
279,279,Marvin Mims Jr.,DEN,WR,WR102,23080,https://www.fantasypros.com/nfl/players/marvin-mims.php,10,6.2,0.9,1,,266.64,208,323,25.71,12,2026-08-30
280,280,Devin Neal,NO,RB,RB81,23682,https://www.fantasypros.com/nfl/players/devin-neal.php,8,2.9,0.1,0,,263.78,164,343,37.26,12,2026-08-30
281,281,Michael Penix Jr.,ATL,QB,QB32,22973,https://www.fantasypros.com/nfl/players/michael-penix-jr.php,11,4.8,1,3,,284.61,214,346,27.88,12,2026-08-30
282,282,DJ Giddens,IND,RB,RB82,27097,https://www.fantasypros.com/nfl/players/dj-giddens.php,13,1.1,0.7,1,,273.94,226,329,23.85,12,2026-08-30
283,283,Theo Johnson,NYG,TE,TE34,23104,https://www.fantasypros.com/nfl/players/theo-johnson.php,8,3,0.7,1,,284.78,206,349,26.80,12,2026-08-30
284,284,Atlanta Falcons,ATL,D/ST,DST17,8010,https://www.fantasypros.com/nfl/players/atlanta-defense.php,11,10.1,22.6,3,,267.89,167,356,39.36,12,2026-08-30
285,285,Seth McGowan,IND,RB,RB83,23079,https://www.fantasypros.com/nfl/players/seth-mcgowan.php,13,2.4,0.5,1,,276.91,177,355,38.48,12,2026-08-30
286,286,San Francisco 49ers,SF,D/ST,DST18,8270,https://www.fantasypros.com/nfl/players/san-francisco-defense.php,8,16.9,29.4,11,,261.15,172,356,31.72,12,2026-08-30
287,287,Deshaun Watson,CLE,QB,QB33,16398,https://www.fantasypros.com/nfl/players/deshaun-watson.php,11,9.6,1.9,3,,290.42,242,346,24.09,12,2026-08-30
288,288,Kirk Cousins,LV,QB,QB34,11177,https://www.fantasypros.com/nfl/players/kirk-cousins.php,13,4.7,2.2,3,,292.89,179,347,29.46,12,2026-08-30
289,289,Kyle Williams,NE,WR,WR103,27487,https://www.fantasypros.com/nfl/players/kyle-williams-wr-2025.php,11,2.3,0.4,1,,271.62,199,369,34.19,12,2026-08-30
290,290,Eli Stowers,PHI,TE,TE35,23144,https://www.fantasypros.com/nfl/players/eli-stowers.php,10,13.2,0.8,2,,288.09,209,387,37.10,12,2026-08-30
291,291,Kendre Miller,NO,RB,RB84,24360,https://www.fantasypros.com/nfl/players/kendre-miller.php,8,4.8,0.6,0,,280.36,162,365,34.82,12,2026-08-30
292,292,New Orleans Saints,NO,D/ST,DST19,8190,https://www.fantasypros.com/nfl/players/new-orleans-defense.php,8,17.2,48.8,1,,262.96,180,337,35.84,12,2026-08-30
293,293,Brashard Smith,KC,RB,RB85,27259,https://www.fantasypros.com/nfl/players/brashard-smith.php,5,2.1,0.3,0,,285.96,233,366,25.04,12,2026-08-30
294,294,Shedeur Sanders,CLE,QB,QB35,25968,https://www.fantasypros.com/nfl/players/shedeur-sanders.php,11,5.5,2.5,3,,301.35,234,348,23.69,12,2026-08-30
295,295,Emari Demercado,KC,RB,RB86,25654,https://www.fantasypros.com/nfl/players/emari-demercado.php,5,1.3,1,1,,290.05,169,379,31.70,12,2026-08-30
296,296,Adam Randall,BAL,RB,RB87,24367,https://www.fantasypros.com/nfl/players/adam-randall.php,13,3.2,0.8,1,,289.96,207,353,29.64,12,2026-08-30
297,297,Hollywood Brown,PHI,WR,WR104,18226,https://www.fantasypros.com/nfl/players/marquise-brown.php,10,2.9,0.6,1,,289.77,239,371,22.06,12,2026-08-30
298,298,Mike Gesicki,CIN,TE,TE36,17272,https://www.fantasypros.com/nfl/players/mike-gesicki.php,6,3.4,1.8,1,,275.69,226,352,24.04,12,2026-08-30
299,299,Devin Singletary,NYG,RB,RB88,18280,https://www.fantasypros.com/nfl/players/devin-singletary.php,8,0.9,0.5,1,,295.45,233,366,21.65,12,2026-08-30
300,300,Mack Hollins,NE,WR,WR105,16489,https://www.fantasypros.com/nfl/players/mack-hollins.php,11,2.5,0.3,0,,281.99,199,387,35.00,12,2026-08-30
301,301,Kaleb Johnson,GB,RB,RB89,27165,https://www.fantasypros.com/nfl/players/kaleb-johnson-rb.php,11,2.5,0.5,1,,287.83,248,329,28.43,12,2026-08-30
302,302,Isaiah Bond,CLE,WR,WR106,24371,https://www.fantasypros.com/nfl/players/isaiah-bond.php,11,0.7,0.2,0,,291.69,197,382,29.10,13,2026-08-30
303,303,Indianapolis Colts,IND,D/ST,DST20,8130,https://www.fantasypros.com/nfl/players/indianapolis-defense.php,13,15.9,38.9,2,,276.46,171,356,36.38,13,2026-08-30
304,304,Trey Benson,ARI,RB,RB90,25388,https://www.fantasypros.com/nfl/players/trey-benson.php,14,2.7,0.3,1,,280.27,160,354,38.99,13,2026-08-30
305,305,Skyler Bell,BUF,WR,WR107,28126,https://www.fantasypros.com/nfl/players/skyler-bell.php,7,6.9,0.7,1,,295.40,236,386,30.20,13,2026-08-30
306,306,Brandon Aiyuk,SF,WR,WR108,19252,https://www.fantasypros.com/nfl/players/brandon-aiyuk.php,8,11,1.8,2,,269.41,142,381,52.37,13,2026-08-30
307,307,Trevor Etienne,CAR,RB,RB91,25393,https://www.fantasypros.com/nfl/players/trevor-etienne.php,5,0.9,0.7,1,,304.96,255,337,17.64,13,2026-08-30
308,308,Jake Tonges,SF,TE,TE37,24778,https://www.fantasypros.com/nfl/players/jake-tonges.php,8,4.4,2.9,1,,292.34,158,356,34.10,13,2026-08-30
309,309,Darren Waller,CAR,TE,TE38,14104,https://www.fantasypros.com/nfl/players/darren-waller.php,5,4.7,2.6,2,,266.80,209,355,32.99,13,2026-08-30
310,310,Jarquez Hunter,MIA,RB,RB92,24335,https://www.fantasypros.com/nfl/players/jarquez-hunter.php,6,1.3,0.1,0,,294.42,174,368,27.89,13,2026-08-30
311,311,Chicago Bears,CHI,D/ST,DST21,8050,https://www.fantasypros.com/nfl/players/chicago-defense.php,10,12.8,20.9,8,,262.71,182,353,49.78,13,2026-08-30
312,312,Andrei Iosivas,CIN,WR,WR109,25335,https://www.fantasypros.com/nfl/players/andrei-iosivas.php,6,1.9,0.6,1,,277.57,197,360,33.48,13,2026-08-30
313,313,Jaleel McLaughlin,DEN,RB,RB93,25876,https://www.fantasypros.com/nfl/players/jaleel-mclaughlin.php,10,0.6,0.1,0,,293.49,233,358,24.45,13,2026-08-30
314,314,Jerome Ford,WAS,RB,RB94,22921,https://www.fantasypros.com/nfl/players/jerome-ford.php,7,1.9,0.1,0,,300.86,239,365,23.68,13,2026-08-30
315,315,Charlie Smyth,NO,K,K18,26444,https://www.fantasypros.com/nfl/players/charlie-smyth.php,8,1.7,1.2,2,,280.96,201,333,38.37,13,2026-08-30
316,316,Isaac Guerendo,SF,RB,RB95,26392,https://www.fantasypros.com/nfl/players/isaac-guerendo.php,8,1.1,0.3,2,,299.86,237,379,25.78,13,2026-08-30
317,317,DeMario Douglas,NE,WR,WR110,25304,https://www.fantasypros.com/nfl/players/demario-douglas.php,11,3.3,0.8,1,,275.14,174,385,58.24,13,2026-08-30
318,318,Audric Estime,NO,RB,RB96,23054,https://www.fantasypros.com/nfl/players/audric-estime.php,8,1.5,0.1,0,,304.50,260,364,20.22,13,2026-08-30
319,319,Darnell Washington,PIT,TE,TE39,22967,https://www.fantasypros.com/nfl/players/darnell-washington.php,9,6.9,1.7,1,,294.02,229,352,30.90,13,2026-08-30
320,320,Tyreek Hill,FA,WR,WR111,15802,https://www.fantasypros.com/nfl/players/tyreek-hill.php,,14.5,3.8,4,,277.54,149,385,49.80,13,2026-08-30
321,321,Michael Mayer,LV,TE,TE40,23056,https://www.fantasypros.com/nfl/players/michael-mayer.php,13,6.5,1.1,1,,298.22,241,357,29.27,13,2026-08-30
322,322,Jahan Dotson,ATL,WR,WR112,23101,https://www.fantasypros.com/nfl/players/jahan-dotson.php,11,2.6,1,1,,279.88,165,374,46.01,13,2026-08-30
323,323,Tahj Brooks,CIN,RB,RB97,26212,https://www.fantasypros.com/nfl/players/tahj-brooks.php,6,0.8,0.3,0,,301.67,234,343,21.16,13,2026-08-30
324,324,Will Shipley,PHI,RB,RB98,22930,https://www.fantasypros.com/nfl/players/will-shipley.php,10,0.8,0.6,0,,309.61,244,360,19.97,13,2026-08-30
325,325,Oscar Delp,NO,TE,TE41,25430,https://www.fantasypros.com/nfl/players/oscar-delp.php,8,4.4,0.2,0,-4,310.13,254,373,32.34,13,2026-08-30
326,326,Charlie Kolar,LAC,TE,TE42,22756,https://www.fantasypros.com/nfl/players/charlie-kolar.php,7,1.2,0.1,1,6,280.84,209,382,38.64,13,2026-08-30
327,327,Elijah Arroyo,SEA,TE,TE43,23004,https://www.fantasypros.com/nfl/players/elijah-arroyo.php,11,1.7,0.5,1,,303.33,224,367,30.17,13,2026-08-30
328,328,Bryce Lance,NO,WR,WR113,28129,https://www.fantasypros.com/nfl/players/bryce-lance.php,8,2.1,0.2,0,,291.66,180,351,40.04,13,2026-08-30
329,329,Jalen Tolbert,MIA,WR,WR114,23770,https://www.fantasypros.com/nfl/players/jalen-tolbert.php,6,3.9,1,0,,289.85,194,378,46.76,13,2026-08-30
330,330,Xavier Hutchinson,HOU,WR,WR115,25332,https://www.fantasypros.com/nfl/players/xavier-hutchinson.php,8,2.5,0.4,0,,285.46,176,384,53.96,13,2026-08-30
331,331,Dallas Cowboys,DAL,D/ST,DST22,8080,https://www.fantasypros.com/nfl/players/dallas-defense.php,14,23.6,28.2,23,,248.04,183,355,54.71,13,2026-08-30
332,332,Cole Kmet,CHI,TE,TE44,19229,https://www.fantasypros.com/nfl/players/cole-kmet.php,10,4.1,0.8,1,,320.04,259,380,25.54,13,2026-08-30
333,333,Carson Beck,ARI,QB,QB36,22953,https://www.fantasypros.com/nfl/players/carson-beck.php,14,6.9,1.1,1,,322.06,274,359,20.39,13,2026-08-30
334,334,Erick All Jr.,CIN,TE,TE45,23837,https://www.fantasypros.com/nfl/players/erick-all.php,6,0.6,0.2,0,,316.78,226,408,37.08,13,2026-08-30
335,335,Konata Mumpfield,LAR,WR,WR116,27449,https://www.fantasypros.com/nfl/players/konata-mumpfield.php,11,0.6,0.1,0,,307.89,244,377,30.79,13,2026-08-30
336,336,Eli Raridon,NE,TE,TE46,28154,https://www.fantasypros.com/nfl/players/eli-raridon.php,11,3.6,0.3,1,,317.61,209,410,37.52,13,2026-08-30
337,337,Tyler Higbee,LAR,TE,TE47,15623,https://www.fantasypros.com/nfl/players/tyler-higbee.php,11,1.7,0.4,1,,322.47,268,379,25.30,13,2026-08-30
338,338,Tez Johnson,TB,WR,WR117,27147,https://www.fantasypros.com/nfl/players/tez-johnson.php,10,0.8,0.2,0,,313.39,223,386,33.60,13,2026-08-30
339,339,J.J. McCarthy,MIN,QB,QB37,23018,https://www.fantasypros.com/nfl/players/jj-mccarthy.php,6,2.9,1,1,,327.04,281,374,17.94,13,2026-08-30
340,340,Kareem Hunt,FA,RB,RB99,16425,https://www.fantasypros.com/nfl/players/kareem-hunt.php,,0.9,0.3,1,,312.51,266,378,22.06,13,2026-08-30
341,341,Jalen Royals,KC,WR,WR118,27076,https://www.fantasypros.com/nfl/players/jalen-royals.php,5,0.6,0.1,0,,315.24,265,385,30.92,13,2026-08-30
342,342,Olamide Zaccheaus,ATL,WR,WR119,18864,https://www.fantasypros.com/nfl/players/olamide-zaccheaus.php,11,0.8,0.1,0,,313.41,258,371,27.97,13,2026-08-30
343,343,Joe Mixon,FA,RB,RB100,16420,https://www.fantasypros.com/nfl/players/joe-mixon.php,,8,0.2,0,,307.36,251,354,25.48,13,2026-08-30
344,344,Luke McCaffrey,WAS,WR,WR120,26328,https://www.fantasypros.com/nfl/players/luke-mccaffrey.php,7,0.8,0.4,1,,317.78,257,401,31.54,13,2026-08-30
345,345,Cedric Tillman,FA,WR,WR121,25287,https://www.fantasypros.com/nfl/players/cedric-tillman.php,,0.6,0.1,0,,318.46,273,388,32.61,13,2026-08-30
346,346,Kendrick Bourne,ARI,WR,WR122,17066,https://www.fantasypros.com/nfl/players/kendrick-bourne.php,14,2.1,0.2,0,,293.11,224,365,44.76,13,2026-08-30
347,347,Dawson Knox,BUF,TE,TE48,18631,https://www.fantasypros.com/nfl/players/dawson-knox.php,7,4.2,0.9,1,,328.80,268,413,29.55,13,2026-08-30
348,348,Bam Knight,ARI,RB,RB101,24901,https://www.fantasypros.com/nfl/players/zonovan-bam-knight.php,14,0.7,0.2,0,,300.24,233,393,31.17,13,2026-08-30
349,349,Max Klare,LAR,TE,TE49,27993,https://www.fantasypros.com/nfl/players/max-klare.php,11,8.1,0.2,0,,325.77,274,380,26.13,13,2026-08-30
350,350,Chris Brazzell II,CAR,WR,WR123,28047,https://www.fantasypros.com/nfl/players/chris-brazzell-ii.php,5,7.6,0.2,0,,297.14,241,376,36.27,13,2026-08-30
351,351,Brenen Thompson,LAC,WR,WR124,28133,https://www.fantasypros.com/nfl/players/brenen-thompson.php,7,2.8,0.2,0,,318.29,258,396,34.80,14,2026-08-30
352,352,Joshua Palmer,BUF,WR,WR125,22845,https://www.fantasypros.com/nfl/players/josh-palmer.php,7,0.7,0.2,0,,301.79,241,369,34.37,14,2026-08-30
353,353,Noah Gray,KC,TE,TE50,19539,https://www.fantasypros.com/nfl/players/noah-gray.php,5,0.9,0.3,0,,327.03,274,367,23.79,14,2026-08-30
354,354,Mac Jones,SF,QB,QB38,20156,https://www.fantasypros.com/nfl/players/mac-jones.php,8,2,0.3,1,,334.70,298,368,16.30,14,2026-08-30
355,355,Ja'Tavion Sanders,CAR,TE,TE51,24334,https://www.fantasypros.com/nfl/players/jatavion-sanders.php,5,0.9,0.3,0,,327.29,252,398,34.66,14,2026-08-30
356,356,Treylon Burks,WAS,WR,WR126,22905,https://www.fantasypros.com/nfl/players/treylon-burks.php,7,1.7,0.1,0,,317.86,222,407,43.56,14,2026-08-30
357,357,Eli Heidenreich,PIT,RB,RB102,28297,https://www.fantasypros.com/nfl/players/eli-heidenreich.php,9,1.3,0.2,0,,310.35,260,370,28.30,14,2026-08-30
358,358,Jake Elliott,PHI,K,K19,16540,https://www.fantasypros.com/nfl/players/jake-elliott.php,10,8.8,8.6,8,,296.57,212,364,36.61,14,2026-08-30
359,359,Tyler Bass,BUF,K,K20,19760,https://www.fantasypros.com/nfl/players/tyler-bass.php,7,8.5,4.8,8,,279.94,193,359,44.94,14,2026-08-30
360,360,Carolina Panthers,CAR,D/ST,DST23,8040,https://www.fantasypros.com/nfl/players/carolina-defense.php,5,3,6.1,1,,288.67,185,356,49.70,14,2026-08-30
361,361,Michael Carter,TEN,RB,RB103,22728,https://www.fantasypros.com/nfl/players/michael-carter-rb.php,9,0.6,0.1,0,,325.48,284,381,21.69,14,2026-08-30
362,362,Justin Fields,KC,QB,QB39,19781,https://www.fantasypros.com/nfl/players/justin-fields.php,5,1.9,0.5,1,,344.51,300,388,21.61,14,2026-08-30
363,363,Jawhar Jordan,HOU,RB,RB104,26329,https://www.fantasypros.com/nfl/players/jawhar-jordan.php,8,0.6,0.2,0,,329.63,283,406,26.87,14,2026-08-30
364,364,Roman Wilson,PIT,WR,WR127,28896,https://www.fantasypros.com/nfl/players/roman-wilson-wr.php,9,0.7,0.2,0,,300.42,225,375,45.90,14,2026-08-30
365,365,New York Giants,NYG,D/ST,DST24,8200,https://www.fantasypros.com/nfl/players/new-york-giants-defense.php,8,17.9,32.9,4,,260.08,183,356,53.31,14,2026-08-30
366,366,Trey Smack,GB,K,K21,28507,https://www.fantasypros.com/nfl/players/trey-smack.php,11,8.6,11.5,9,,260.92,212,352,48.21,14,2026-08-30
367,367,Malik Benson,LV,WR,WR128,26012,https://www.fantasypros.com/nfl/players/malik-benson.php,13,1.3,0.2,0,,321.00,247,397,45.59,14,2026-08-30
368,368,Ty Simpson,LAR,QB,QB40,25368,https://www.fantasypros.com/nfl/players/ty-simpson.php,11,8.3,0.5,1,,344.76,302,388,21.47,14,2026-08-30
369,369,Justin Joly,DEN,TE,TE52,28079,https://www.fantasypros.com/nfl/players/justin-joly.php,10,5,0.1,0,,339.10,261,377,28.20,14,2026-08-30
370,370,Cincinnati Bengals,CIN,D/ST,DST25,8060,https://www.fantasypros.com/nfl/players/cincinnati-defense.php,6,2.8,3.5,3,,250.27,185,353,51.62,14,2026-08-30
371,371,Savion Williams,GB,WR,WR129,27144,https://www.fantasypros.com/nfl/players/savion-williams.php,11,0.8,0.5,0,,336.72,291,373,22.94,14,2026-08-30
372,372,Kalif Raymond,CHI,WR,WR130,16081,https://www.fantasypros.com/nfl/players/kalif-raymond.php,10,0.6,0.2,0,,323.85,244,377,40.16,14,2026-08-30
373,373,Tampa Bay Buccaneers,TB,D/ST,DST26,8290,https://www.fantasypros.com/nfl/players/tampa-bay-defense.php,10,14.5,36.6,3,,284.08,187,356,60.80,14,2026-08-30
374,374,KaVontae Turpin,DAL,WR,WR131,18520,https://www.fantasypros.com/nfl/players/kavontae-turpin.php,14,2.6,1.4,4,,311.76,225,372,47.97,14,2026-08-30
375,375,Raheim Sanders,CLE,RB,RB105,24351,https://www.fantasypros.com/nfl/players/raheim-sanders.php,11,0.6,0.1,0,,329.81,276,389,27.15,14,2026-08-30
376,376,Kevin Coleman Jr.,MIA,WR,WR132,28067,https://www.fantasypros.com/nfl/players/kevin-coleman-jr.php,6,1,0.1,0,,330.86,241,374,38.56,14,2026-08-30
377,377,Zane Gonzalez,FA,K,K22,16548,https://www.fantasypros.com/nfl/players/zane-gonzalez.php,,1.9,0.1,0,,286.92,208,339,50.21,14,2026-08-30
378,378,Dont'e Thornton Jr.,LV,WR,WR133,27288,https://www.fantasypros.com/nfl/players/donte-thornton-jr.php,13,0.7,0.1,0,,328.84,272,397,39.66,14,2026-08-30
379,379,J'Mari Taylor,JAC,RB,RB106,28109,https://www.fantasypros.com/nfl/players/jmari-taylor.php,7,2.3,0,0,,325.94,303,370,20.00,14,2026-08-30
380,380,Tennessee Titans,TEN,D/ST,DST27,8300,https://www.fantasypros.com/nfl/players/tennessee-defense.php,9,8.5,11.9,9,,255.44,191,354,58.84,14,2026-08-30
381,381,Zavion Thomas,CHI,WR,WR134,28132,https://www.fantasypros.com/nfl/players/zavion-thomas.php,10,2.8,0.4,1,,334.55,293,387,30.14,14,2026-08-30
382,382,Anthony Richardson Sr.,IND,QB,QB41,24347,https://www.fantasypros.com/nfl/players/anthony-richardson.php,13,8.5,0.2,0,,345.54,306,390,22.18,14,2026-08-30
383,383,Noah Fant,NO,TE,TE53,17527,https://www.fantasypros.com/nfl/players/noah-fant.php,8,1.3,0.2,0,,348.00,291,377,21.67,14,2026-08-30
384,384,Roschon Johnson,CHI,RB,RB107,25322,https://www.fantasypros.com/nfl/players/roschon-johnson.php,10,0.6,0.1,0,,322.63,260,387,37.47,14,2026-08-30
385,385,Colbie Young,CIN,WR,WR135,26037,https://www.fantasypros.com/nfl/players/colbie-young.php,6,0.9,0.2,0,,327.75,240,385,42.49,14,2026-08-30
386,386,John Metchie III,CAR,WR,WR136,22895,https://www.fantasypros.com/nfl/players/john-metchie.php,5,1.3,0.1,0,,319.79,273,375,35.66,14,2026-08-30
387,387,Tutu Atwell,LAR,WR,WR137,20126,https://www.fantasypros.com/nfl/players/tutu-atwell.php,11,0.8,0.5,0,,342.28,264,384,34.28,14,2026-08-30
388,388,Jaylin Lane,WAS,WR,WR138,27454,https://www.fantasypros.com/nfl/players/jaylin-lane.php,7,0.6,0.1,0,,346.89,296,409,31.07,14,2026-08-30
389,389,Kyle Juszczyk,SF,RB,RB108,11798,https://www.fantasypros.com/nfl/players/kyle-juszczyk.php,8,0.8,0.4,0,,309.36,248,362,40.59,14,2026-08-30
390,390,CJ Daniels,LAR,WR,WR139,28125,https://www.fantasypros.com/nfl/players/cj-daniels.php,11,1.3,0.1,0,,333.67,277,384,31.17,14,2026-08-30
391,391,Joe Flacco,CIN,QB,QB42,9300,https://www.fantasypros.com/nfl/players/joe-flacco.php,6,1.3,0.4,1,,350.60,301,398,23.06,14,2026-08-30
392,392,Jameis Winston,NYG,QB,QB43,13891,https://www.fantasypros.com/nfl/players/jameis-winston.php,8,1.3,0.3,0,,348.53,320,388,19.39,14,2026-08-30
393,393,Luke Musgrave,GB,TE,TE54,25282,https://www.fantasypros.com/nfl/players/luke-musgrave.php,11,3,0.2,0,,352.55,295,384,19.81,14,2026-08-30
394,394,Nick Westbrook-Ikhine,IND,WR,WR140,19747,https://www.fantasypros.com/nfl/players/nick-westbrook.php,13,0.6,0.1,0,,337.93,218,411,48.27,14,2026-08-30
395,395,Demarcus Robinson,SF,WR,WR141,15665,https://www.fantasypros.com/nfl/players/demarcus-robinson.php,8,0.8,0.1,0,,322.08,244,387,47.56,14,2026-08-30
396,396,Phil Mafah,DAL,RB,RB109,22928,https://www.fantasypros.com/nfl/players/phil-mafah.php,14,0.6,0.2,0,,326.83,283,361,23.99,14,2026-08-30
397,397,Washington Commanders,WAS,D/ST,DST28,8310,https://www.fantasypros.com/nfl/players/washington-defense.php,7,5.8,13.8,1,,226.80,190,357,65.24,14,2026-08-30
398,398,Blake Grupe,IND,K,K23,25533,https://www.fantasypros.com/nfl/players/blake-grupe.php,13,1.1,1,1,,261.33,210,363,59.81,14,2026-08-30
399,399,Ashton Dulin,IND,WR,WR142,18656,https://www.fantasypros.com/nfl/players/ashton-dulin.php,13,0.7,0.1,0,,317.20,298,340,11.79,14,2026-08-30
400,400,Nick Folk,ATL,K,K24,9491,https://www.fantasypros.com/nfl/players/nick-folk.php,11,3.1,4.6,3,,282.43,210,365,52.95,14,2026-08-30
401,401,Devontez Walker,BAL,WR,WR143,26011,https://www.fantasypros.com/nfl/players/devontez-walker.php,13,0.6,0.1,0,,326.18,270,379,30.43,14,2026-08-30
402,402,Marcus Mariota,WAS,QB,QB44,13890,https://www.fantasypros.com/nfl/players/marcus-mariota.php,7,1,0.1,0,,352.41,320,398,24.49,14,2026-08-30
403,403,Tommy Tremble,CAR,TE,TE55,22795,https://www.fantasypros.com/nfl/players/tommy-tremble.php,5,0.6,0.2,0,,349.69,295,400,27.71,14,2026-08-30
404,404,Las Vegas Raiders,LV,D/ST,DST29,8220,https://www.fantasypros.com/nfl/players/las-vegas-defense.php,13,7,12.6,4,,251.60,151,359,73.91,14,2026-08-30
405,405,Ryan Fitzgerald,CAR,K,K25,27261,https://www.fantasypros.com/nfl/players/ryan-fitzgerald.php,5,1,0.8,1,,255.80,203,367,59.57,14,2026-08-30
406,406,Daniel Carlson,NO,K,K26,17420,https://www.fantasypros.com/nfl/players/daniel-carlson.php,8,1,0.7,1,,257.60,213,313,35.42,14,2026-08-30
407,407,Sione Vaki,DET,RB,RB110,26309,https://www.fantasypros.com/nfl/players/sione-vaki.php,6,0.6,0.1,0,,336.18,280,389,32.15,14,2026-08-30
408,408,Joey Slye,TEN,K,K27,19028,https://www.fantasypros.com/nfl/players/joey-slye.php,9,1,0.7,1,,262.00,204,369,56.38,14,2026-08-30
409,409,Chad Ryland,ARI,K,K28,25354,https://www.fantasypros.com/nfl/players/chad-ryland.php,14,1.3,0.4,0,,286.83,200,368,63.27,14,2026-08-30
410,410,Rasheen Ali,BAL,RB,RB111,25983,https://www.fantasypros.com/nfl/players/rasheen-ali.php,13,0.6,0.2,0,,331.70,304,381,22.29,14,2026-08-30
411,411,Barion Brown,NO,WR,WR144,25416,https://www.fantasypros.com/nfl/players/barion-brown.php,8,1.7,0.2,1,,315.75,264,396,55.17,14,2026-08-30
412,412,Brandon McManus,FA,K,K29,13274,https://www.fantasypros.com/nfl/players/brandon-mcmanus.php,,0.6,0.1,0,,234.75,198,314,46.22,14,2026-08-30
413,413,Jam Miller,FA,RB,RB112,27326,https://www.fantasypros.com/nfl/players/jam-miller.php,,1.3,0.1,0,,340.64,311,383,21.39,14,2026-08-30
414,414,John Bates,WAS,TE,TE56,22833,https://www.fantasypros.com/nfl/players/john-bates.php,7,0.7,0.1,0,,337.00,274,395,36.96,14,2026-08-30
415,415,Joe Milton III,DAL,QB,QB45,25967,https://www.fantasypros.com/nfl/players/joe-milton.php,14,0.7,0.2,0,,357.73,322,398,22.55,14,2026-08-30
416,416,Ben Sinnott,WAS,TE,TE57,26310,https://www.fantasypros.com/nfl/players/ben-sinnott.php,7,0.6,0.1,0,,352.46,330,390,15.56,14,2026-08-30
417,417,Ben Sauls,NYG,K,K30,27798,https://www.fantasypros.com/nfl/players/ben-sauls.php,8,0.7,0.3,0,,251.00,192,282,34.83,15,2026-08-30
418,418,Jordan Whittington,LAR,WR,WR145,23135,https://www.fantasypros.com/nfl/players/jordan-whittington.php,11,0.6,0.2,0,,345.91,307,397,29.42,15,2026-08-30
419,419,Mitchell Evans,CAR,TE,TE58,27138,https://www.fantasypros.com/nfl/players/mitchell-evans.php,5,1,0,0,,361.93,305,395,24.29,15,2026-08-30
420,420,Tyler Goodson,ATL,RB,RB113,22976,https://www.fantasypros.com/nfl/players/tyler-goodson.php,11,1.2,0,0,,331.00,307,366,20.15,15,2026-08-30
421,421,Daniel Bellinger,TEN,TE,TE59,24238,https://www.fantasypros.com/nfl/players/daniel-bellinger.php,9,1.5,0.1,0,,359.15,312,384,19.07,15,2026-08-30
422,422,Cade Klubnik,NYJ,QB,QB46,24361,https://www.fantasypros.com/nfl/players/cade-klubnik.php,13,4.6,0.2,0,,352.45,327,398,25.36,15,2026-08-30
423,423,Elijah Higgins,ARI,TE,TE60,23119,https://www.fantasypros.com/nfl/players/elijah-higgins.php,14,0.6,0.1,0,,356.75,337,377,11.58,15,2026-08-30
424,424,Austin Hooper,ATL,TE,TE61,15581,https://www.fantasypros.com/nfl/players/austin-hooper.php,11,0.9,0.1,0,,353.82,306,392,21.75,15,2026-08-30
425,425,Isaiah Williams,NYJ,WR,WR146,26379,https://www.fantasypros.com/nfl/players/isaiah-williams-wr.php,13,0.6,0.1,0,,301.20,264,344,27.02,15,2026-08-30
426,426,Terrell Jennings,FA,RB,RB114,26964,https://www.fantasypros.com/nfl/players/terrell-jennings.php,,1,0,0,,338.00,309,370,19.33,15,2026-08-30
427,427,Tommy Myers,FA,TE,TE62,25167,https://www.fantasypros.com/nfl/players/tommy-myers.php,,0,0,0,,303.40,254,373,47.55,15,2026-08-30
428,428,Spencer Shrader,IND,K,K31,26763,https://www.fantasypros.com/nfl/players/spencer-shrader.php,13,1.2,0.3,1,,241.67,211,261,21.93,15,2026-08-30
429,429,Miami Dolphins,MIA,D/ST,DST30,8160,https://www.fantasypros.com/nfl/players/miami-defense.php,6,6.6,14.5,1,,322.83,206,358,53.21,15,2026-08-30
430,430,Odell Beckham Jr.,NYG,WR,WR147,12127,https://www.fantasypros.com/nfl/players/odell-beckham.php,8,3.8,2.9,2,,334.57,262,374,33.14,15,2026-08-30
431,431,Dyami Brown,WAS,WR,WR148,20113,https://www.fantasypros.com/nfl/players/dyami-brown.php,7,0.7,0.2,0,,349.44,287,396,35.94,15,2026-08-30
432,432,Greg Dortch,DET,WR,WR149,18585,https://www.fantasypros.com/nfl/players/greg-dortch.php,6,0.6,0.1,0,,359.45,302,391,28.35,15,2026-08-30
433,433,Dameon Pierce,FA,RB,RB115,22947,https://www.fantasypros.com/nfl/players/dameon-pierce.php,,0.8,0.1,0,,350.78,320,387,22.33,15,2026-08-30
434,434,Zavier Scott,MIN,RB,RB116,25748,https://www.fantasypros.com/nfl/players/zavier-scott.php,6,1.1,0,0,,327.67,297,365,25.20,15,2026-08-30
435,435,Hunter Luepke,DAL,RB,RB117,25941,https://www.fantasypros.com/nfl/players/hunter-luepke.php,14,0.6,0.1,0,14,313.80,292,338,14.84,15,2026-08-30
436,436,New York Jets,NYJ,D/ST,DST31,8210,https://www.fantasypros.com/nfl/players/new-york-jets-defense.php,13,4.9,8,1,,276.67,191,360,69.01,15,2026-08-30
437,437,Austin Ekeler,FA,RB,RB118,16483,https://www.fantasypros.com/nfl/players/austin-ekeler.php,,0.6,0.1,0,,358.22,337,394,20.22,15,2026-08-30
438,438,Deion Burks,IND,WR,WR150,27093,https://www.fantasypros.com/nfl/players/deion-burks.php,13,2,0,0,,339.17,319,380,19.49,15,2026-08-30
439,439,Drew Stevens,WAS,K,K32,28175,https://www.fantasypros.com/nfl/players/drew-stevens.php,7,0.4,0.4,0,,290.67,250,362,50.61,15,2026-08-30
440,440,Van Jefferson,WAS,WR,WR151,19483,https://www.fantasypros.com/nfl/players/van-jefferson.php,7,0.8,0.1,0,,320.75,264,372,38.65,15,2026-08-30
441,441,Damien Martinez,GB,RB,RB119,25976,https://www.fantasypros.com/nfl/players/damien-martinez.php,11,1.3,0,0,,365.00,337,394,19.92,15,2026-08-30
442,442,Jake Moody,FA,K,K33,24009,https://www.fantasypros.com/nfl/players/jake-moody.php,,1.6,0.3,0,,249.00,216,282,33.00,15,2026-08-30
443,443,Zach Ertz,FA,TE,TE63,11689,https://www.fantasypros.com/nfl/players/zach-ertz.php,,0.6,0.1,0,,340.20,245,384,49.29,15,2026-08-30
444,444,Jason Sanders,NYJ,K,K34,17533,https://www.fantasypros.com/nfl/players/jason-sanders.php,13,0.9,0.7,0,,301.67,200,372,73.63,15,2026-08-30
445,445,Jacob Saylors,DET,RB,RB120,25693,https://www.fantasypros.com/nfl/players/jacob-saylors.php,6,0.1,0.1,0,,302.33,233,337,49.03,15,2026-08-30
446,446,Jonnu Smith,GB,TE,TE64,16460,https://www.fantasypros.com/nfl/players/jonnu-smith.php,11,1.7,0.2,0,,327.50,255,386,47.32,15,2026-08-30
447,447,Marlin Klein,HOU,TE,TE65,28157,https://www.fantasypros.com/nfl/players/marlin-klein.php,8,0.6,0.1,0,,352.50,320,392,21.73,15,2026-08-30
448,448,Matt Hibner,BAL,TE,TE66,28168,https://www.fantasypros.com/nfl/players/matthew-hibner.php,13,1.2,0.1,0,,355.17,306,392,25.64,15,2026-08-30
449,449,Isaiah Williams,FA,WR,WR152,10977,https://www.fantasypros.com/nfl/players/isaiah-williams.php,,0,0,0,,270.00,221,319,49.00,15,2026-08-30
450,450,Alec Ingold,LAC,RB,RB121,18571,https://www.fantasypros.com/nfl/players/alec-ingold.php,7,0.6,0.1,0,24,270.50,263,278,7.50,15,2026-08-30
451,451,Reggie Gilliam,NE,RB,RB122,19844,https://www.fantasypros.com/nfl/players/reggie-gilliam.php,11,0.1,0.1,0,,317.00,304,329,10.23,15,2026-08-30
452,452,Jeremy McNichols,WAS,RB,RB123,16445,https://www.fantasypros.com/nfl/players/jeremy-mcnichols.php,7,1.1,0,0,,350.00,322,385,22.60,15,2026-08-30
453,453,Tai Felton,MIN,WR,WR153,27182,https://www.fantasypros.com/nfl/players/tai-felton.php,6,0.6,0.1,0,,353.20,316,379,21.85,15,2026-08-30
454,454,Josh Williams,TB,RB,RB124,27444,https://www.fantasypros.com/nfl/players/josh-williams-rb.php,10,0.1,0.1,0,,286.00,243,329,43.00,15,2026-08-30
455,455,Arizona Cardinals,ARI,D/ST,DST32,8000,https://www.fantasypros.com/nfl/players/arizona-defense.php,14,4.6,6.9,0,,286.50,212,361,74.50,15,2026-08-30
456,456,Elijah Moore,PHI,WR,WR154,20114,https://www.fantasypros.com/nfl/players/elijah-moore.php,10,0.6,0.1,0,,343.00,307,380,36.01,15,2026-08-30
457,457,Jahdae Walker,CHI,WR,WR155,27810,https://www.fantasypros.com/nfl/players/jahdae-walker.php,10,0.9,0.2,0,,343.75,307,377,24.83,15,2026-08-30
458,458,Riley Leonard,IND,QB,QB47,25373,https://www.fantasypros.com/nfl/players/riley-leonard.php,13,0.7,0.1,0,,355.80,319,376,19.96,15,2026-08-30
459,459,Mitch Tinsley,FA,WR,WR156,24370,https://www.fantasypros.com/nfl/players/mitchell-tinsley.php,,0.6,0.1,0,,327.33,286,368,33.48,15,2026-08-30
460,460,Khalil Herbert,SF,RB,RB125,22763,https://www.fantasypros.com/nfl/players/khalil-herbert.php,8,1.2,0,0,,345.50,231,390,66.22,15,2026-08-30
461,461,Patrick Ricard,NYG,RB,RB126,17145,https://www.fantasypros.com/nfl/players/patrick-ricard.php,8,0.8,0.1,0,,328.33,278,393,48.03,15,2026-08-30
462,462,Tyler Badie,DEN,RB,RB127,23812,https://www.fantasypros.com/nfl/players/tyler-badie.php,10,1,0.2,0,,296.00,234,358,62.00,15,2026-08-30
463,463,Will Kacmarek,MIA,TE,TE67,28403,https://www.fantasypros.com/nfl/players/will-kacmarek.php,6,2.7,0.1,0,,348.00,320,384,23.84,15,2026-08-30
464,464,Dylan Laube,LV,RB,RB128,26194,https://www.fantasypros.com/nfl/players/dylan-laube.php,13,0.8,0.2,1,,332.00,313,354,16.87,15,2026-08-30
465,465,Ronnie Rivers,LAR,RB,RB129,23986,https://www.fantasypros.com/nfl/players/ronnie-rivers.php,11,0.6,0.1,0,,332.67,275,365,40.88,15,2026-08-30
466,466,Roman Hemby,LV,RB,RB130,25387,https://www.fantasypros.com/nfl/players/roman-hemby.php,13,0,0,0,,301.00,273,329,28.00,15,2026-08-30
467,467,Gardner Minshew II,ARI,QB,QB48,18562,https://www.fantasypros.com/nfl/players/gardner-minshew.php,14,0.6,0.1,0,,350.25,322,380,22.94,15,2026-08-30
468,468,DeAndre Hopkins,BAL,WR,WR157,11606,https://www.fantasypros.com/nfl/players/deandre-hopkins.php,13,0.6,0.1,0,,335.67,287,383,39.20,15,2026-08-30
469,469,Josh Oliver,MIN,TE,TE68,18487,https://www.fantasypros.com/nfl/players/josh-oliver.php,6,0.6,0.1,0,,361.40,350,372,7.66,15,2026-08-30
470,470,Max Bredeson,MIN,RB,RB131,28434,https://www.fantasypros.com/nfl/players/max-bredeson.php,6,0.1,0.1,0,,305.50,301,310,4.50,15,2026-08-30
471,471,Dohnte Meyers,CIN,WR,WR158,28178,https://www.fantasypros.com/nfl/players/dohnte-meyers.php,6,0,0,0,,308.00,241,375,67.00,15,2026-08-30
472,472,Robert Henry Jr.,WAS,RB,RB132,28404,https://www.fantasypros.com/nfl/players/robert-henry-jr.php,7,0,0,0,-13,340.00,270,384,50.04,15,2026-08-30
473,473,Tanner Koziol,JAC,TE,TE69,27499,https://www.fantasypros.com/nfl/players/tanner-koziol.php,7,1.4,0,0,,370.33,351,381,9.91,15,2026-08-30
474,474,Tyler Lockett,LV,WR,WR159,13971,https://www.fantasypros.com/nfl/players/tyler-lockett.php,13,0.6,0.1,0,,316.50,305,328,11.50,15,2026-08-30
475,475,Jordan Watkins,SF,WR,WR160,27486,https://www.fantasypros.com/nfl/players/jordan-watkins.php,8,1,0,0,,316.50,312,321,4.50,15,2026-08-30
476,476,Adam Prentice,DEN,RB,RB133,23451,https://www.fantasypros.com/nfl/players/adam-prentice.php,10,0.6,0.1,0,18,317.00,317,317,0.00,15,2026-08-30
477,477,Lew Nichols III,PIT,RB,RB134,25443,https://www.fantasypros.com/nfl/players/lew-nichols.php,9,2,0,0,,321.50,317,326,4.50,15,2026-08-30
478,478,Jacob Cowing,SF,WR,WR161,25289,https://www.fantasypros.com/nfl/players/jacob-cowing.php,8,1,0,0,,347.33,316,375,24.23,15,2026-08-30
479,479,Antonio Gibson,FA,RB,RB135,19624,https://www.fantasypros.com/nfl/players/antonio-gibson.php,,1.3,0,0,,361.25,343,387,19.00,15,2026-08-30
480,480,Xavier Smith,LAR,WR,WR162,25627,https://www.fantasypros.com/nfl/players/xavier-smith.php,11,0.6,0.1,0,26,362.00,289,397,43.02,15,2026-08-30
481,481,British Brooks,HOU,RB,RB136,26748,https://www.fantasypros.com/nfl/players/british-brooks.php,8,0,0,0,20,330.00,322,338,8.00,15,2026-08-30
482,482,Cade Stover,HOU,TE,TE70,25269,https://www.fantasypros.com/nfl/players/cade-stover.php,8,0.6,0.1,0,,353.00,347,357,4.32,15,2026-08-30
483,483,Jimmy Horn Jr.,CAR,WR,WR163,27294,https://www.fantasypros.com/nfl/players/jimmy-horn-jr.php,5,0.8,0.2,0,,364.50,346,384,16.29,15,2026-08-30
484,484,Tim Patrick,NYJ,WR,WR164,16556,https://www.fantasypros.com/nfl/players/tim-patrick.php,13,1.8,0,0,,353.33,323,396,31.05,15,2026-08-30
485,485,Nathan Carter,ATL,RB,RB137,27667,https://www.fantasypros.com/nfl/players/nate-carter.php,11,1,0,0,18,336.00,314,358,22.00,15,2026-08-30
486,486,Marquez Valdes-Scantling,FA,WR,WR165,17528,https://www.fantasypros.com/nfl/players/marquez-valdesscantling.php,,0.7,0.1,0,,357.33,323,378,24.44,15,2026-08-30
487,487,Moliki Matavao,NO,TE,TE71,23093,https://www.fantasypros.com/nfl/players/moliki-matavao.php,8,1,0,0,-15,338.50,283,394,55.50,16,2026-08-30
488,488,Jackson Hawes,BUF,TE,TE72,27469,https://www.fantasypros.com/nfl/players/jackson-hawes.php,7,0.6,0.1,0,,368.75,353,390,14.02,16,2026-08-30
489,489,Tyrod Taylor,GB,QB,QB49,10007,https://www.fantasypros.com/nfl/players/tyrod-taylor.php,11,0.6,0.1,0,,360.33,328,383,23.47,16,2026-08-30
490,490,Chris Blair,ATL,WR,WR166,22684,https://www.fantasypros.com/nfl/players/chris-blair.php,11,0,0,0,,341.50,332,351,9.50,16,2026-08-30
491,491,Jake Browning,FA,QB,QB50,18557,https://www.fantasypros.com/nfl/players/jake-browning.php,,0.6,0.1,0,,343.00,308,378,35.00,16,2026-08-30
492,492,Michael Woods II,DEN,WR,WR167,23893,https://www.fantasypros.com/nfl/players/michael-woods.php,10,1,0,0,,344.00,293,395,51.00,16,2026-08-30
493,493,Sam Roush,CHI,TE,TE73,28161,https://www.fantasypros.com/nfl/players/sam-roush.php,10,0.7,0.1,0,,363.00,333,382,21.46,16,2026-08-30
494,494,Xavier Restrepo,TEN,WR,WR168,27066,https://www.fantasypros.com/nfl/players/xavier-restrepo.php,9,1.1,0,0,,346.00,313,379,33.00,16,2026-08-30
495,495,Quinn Ewers,JAC,QB,QB51,23680,https://www.fantasypros.com/nfl/players/quinn-ewers.php,7,0.7,0.1,0,,346.00,344,348,2.00,16,2026-08-30
496,496,Drew Sample,CIN,TE,TE74,18561,https://www.fantasypros.com/nfl/players/drew-sample.php,6,0.6,0.1,0,,365.33,355,375,8.18,16,2026-08-30
497,497,Adam Trautman,DEN,TE,TE75,19423,https://www.fantasypros.com/nfl/players/adam-trautman.php,10,0.6,0.1,0,,382.20,361,412,17.33,16,2026-08-30
498,498,Jalen Reagor,MIA,WR,WR169,19219,https://www.fantasypros.com/nfl/players/jalen-reagor.php,6,0,0,0,,367.00,322,393,31.95,16,2026-08-30
499,499,Dominic Zvada,NYG,K,K35,28176,https://www.fantasypros.com/nfl/players/dominic-zvada.php,8,1.2,1.5,1,,352.00,333,371,19.00,16,2026-08-30
500,500,Kene Nwangwu,NYJ,RB,RB138,23249,https://www.fantasypros.com/nfl/players/kene-nwangwu.php,13,0.2,0.2,0,,354.00,343,365,11.00,16,2026-08-30
501,501,Frank Gore Jr.,BUF,RB,RB139,25980,https://www.fantasypros.com/nfl/players/frank-gore-jr.php,7,0.6,0.1,0,,355.50,322,389,33.50,16,2026-08-30
502,502,Noah Whittington,HOU,RB,RB140,28115,https://www.fantasypros.com/nfl/players/noah-whittington.php,8,0,0,0,,355.50,330,381,25.50,16,2026-08-30
503,503,Reggie Virgil,ARI,WR,WR170,28141,https://www.fantasypros.com/nfl/players/reggie-virgil.php,14,0.7,0.1,0,,356.50,344,369,12.50,16,2026-08-30
504,504,Cash Jones,ATL,RB,RB141,28124,https://www.fantasypros.com/nfl/players/cash-jones.php,11,0,0,0,,360.50,338,383,22.50,16,2026-08-30
505,505,Michael Burton,CLE,RB,RB142,14191,https://www.fantasypros.com/nfl/players/michael-burton.php,11,0.6,0.1,0,,361.50,326,397,35.50,16,2026-08-30
506,506,Durham Smythe,BAL,TE,TE76,17508,https://www.fantasypros.com/nfl/players/durham-smythe.php,13,0.6,0.1,0,,362.50,342,383,20.50,16,2026-08-30
507,507,Tyson Bagent,CHI,QB,QB52,25321,https://www.fantasypros.com/nfl/players/tyson-bagent.php,10,0.7,0.1,0,,365.00,347,383,18.00,16,2026-08-30
508,508,Nate Boerkircher,JAC,TE,TE77,28427,https://www.fantasypros.com/nfl/players/nate-boerkircher.php,7,0.9,0.1,0,,377.33,362,395,13.57,16,2026-08-30
509,509,Jeremy Ruckert,NYJ,TE,TE78,23742,https://www.fantasypros.com/nfl/players/jeremy-ruckert.php,13,0.6,0.1,0,22,377.67,370,382,5.44,16,2026-08-30
510,510,Luke Schoonmaker,DAL,TE,TE79,25267,https://www.fantasypros.com/nfl/players/luke-schoonmaker.php,14,0.9,0.2,0,,378.00,363,395,13.14,16,2026-08-30
511,511,KeAndre Lambert-Smith,LAC,WR,WR171,24372,https://www.fantasypros.com/nfl/players/keandre-lambert-smith.php,7,0.7,0.1,0,,368.00,351,385,17.00,16,2026-08-30
512,512,Tanner Hudson,CIN,TE,TE80,17826,https://www.fantasypros.com/nfl/players/tanner-hudson.php,6,2.3,0,0,15,379.00,375,383,3.27,16,2026-08-30
513,513,Tyler Conklin,DET,TE,TE81,17598,https://www.fantasypros.com/nfl/players/tyler-conklin.php,6,0.6,0.1,0,,369.50,367,372,2.50,16,2026-08-30
514,514,Jaret Patterson,LAC,RB,RB143,20155,https://www.fantasypros.com/nfl/players/jaret-patterson.php,7,1.1,0,0,,376.50,360,393,16.50,16,2026-08-30
515,515,Davis Mills,HOU,QB,QB53,22799,https://www.fantasypros.com/nfl/players/davis-mills.php,8,0.6,0.1,0,,376.50,365,388,11.50,16,2026-08-30
516,516,Jaydn Ott,KC,RB,RB144,25394,https://www.fantasypros.com/nfl/players/jaydn-ott.php,5,1,0,0,,377.00,365,389,12.00,16,2026-08-30
517,517,Velus Jones Jr.,SEA,WR,WR172,24214,https://www.fantasypros.com/nfl/players/velus-jonesjr.php,11,1.6,0,0,,381.00,378,384,3.00,16,2026-08-30
518,518,Trey Lance,LAC,QB,QB54,20082,https://www.fantasypros.com/nfl/players/trey-lance.php,7,0.6,0.1,0,,381.00,380,382,1.00,16,2026-08-30
519,519,Lil'Jordan Humphrey,DEN,WR,WR173,18590,https://www.fantasypros.com/nfl/players/liljordan-humphrey.php,10,1.1,0.2,0,,389.00,373,405,16.00,16,2026-08-30
