keeper_rank,source_rank,player,team,pos,pos_rank,pointsPpr,player_id,player_page_url,player_bye_week,player_owned_avg,player_owned_espn,player_owned_yahoo,player_ecr_delta,rank_ave,rank_min,rank_max,rank_std,tier,projectionPassYds,projectionPassTds,projectionRushAtt,projectionRushYds,projectionRushTds,projectionRecRec,projectionRecYds,projectionRecTds,projectionFga,projectionFg,projectionXpt,projectionDefSack,projectionDefInt,projectionDefTd,projectionDefSafety,projectionDefFf,projectionDefFr,projectionDefRetd,source_date
1,1,Ja'Marr Chase,CIN,WR,WR1,335.51,19788,https://www.fantasypros.com/nfl/players/jamarr-chase.php,6,99.5,99.8,100,,1.75,1,4,1.10,1,,,,,,121.15,1510.2,10.55,,,,,,,,,,,2026-07-27
2,2,Puka Nacua,LAR,WR,WR2,339.8,23180,https://www.fantasypros.com/nfl/players/puka-nacua.php,11,99.5,99.8,100,,3.03,1,6,1.06,1,,,,,,117,1539,9,,,,,,,,,,,2026-07-27
3,3,Bijan Robinson,ATL,RB,RB1,369.88,23133,https://www.fantasypros.com/nfl/players/bijan-robinson.php,11,99.4,99.8,100,-1,3.10,1,7,1.50,1,,,289.47,1426.37,9.47,79.56,737.09,3.46,,,,,,,,,,,2026-07-27
4,4,Jahmyr Gibbs,DET,RB,RB2,372.46,22968,https://www.fantasypros.com/nfl/players/jahmyr-gibbs.php,6,99.3,99.8,100,1,3.57,1,7,1.74,1,,,274.36,1380.55,13.83,70.93,580.17,4.13,,,,,,,,,,,2026-07-27
5,5,Jaxon Smith-Njigba,SEA,WR,WR3,323.97,23070,https://www.fantasypros.com/nfl/players/jaxon-smith-njigba.php,11,99.6,99.8,100,,4.35,1,8,1.17,1,,,,,,110.91,1568.22,9.17,,,,,,,,,,,2026-07-27
6,6,Amon-Ra St. Brown,DET,WR,WR4,319.43,19799,https://www.fantasypros.com/nfl/players/amonra-stbrown.php,6,99.4,99.8,100,,6.14,3,9,1.31,2,,,,,,117.02,1390.27,10.46,,,,,,,,,,,2026-07-27
7,7,CeeDee Lamb,DAL,WR,WR5,273.43,19202,https://www.fantasypros.com/nfl/players/ceedee-lamb.php,14,99.4,99.8,100,,8.58,6,12,1.49,2,,,,,,97.7,1298.1,7.52,,,,,,,,,,,2026-07-27
8,8,Christian McCaffrey,SF,RB,RB3,333.73,16393,https://www.fantasypros.com/nfl/players/christian-mccaffrey.php,8,99.5,99.8,100,,8.64,2,24,3.95,2,,,270.88,1099.39,9.19,75.92,669.43,4.67,,,,,,,,,,,2026-07-27
9,9,Justin Jefferson,MIN,WR,WR6,269.55,19236,https://www.fantasypros.com/nfl/players/justin-jefferson.php,6,99.3,99.8,100,,9.10,4,16,2.03,2,,,,,,98.57,1302.01,6.78,,,,,,,,,,,2026-07-27
10,10,Drake London,ATL,WR,WR7,289.23,23163,https://www.fantasypros.com/nfl/players/drake-london.php,11,99.2,99.5,100,,12.16,8,19,2.61,2,,,,,,101.66,1329.63,9.42,,,,,,,,,,,2026-07-27
11,11,Jonathan Taylor,IND,RB,RB4,309.72,19217,https://www.fantasypros.com/nfl/players/jonathan-taylor.php,13,99.3,99.8,100,,12.20,6,31,5.27,2,,,327.39,1509.77,12.87,43.79,326.72,1.42,,,,,,,,,,,2026-07-27
12,12,A.J. Brown,NE,WR,WR8,257.35,18218,https://www.fantasypros.com/nfl/players/aj-brown.php,11,99.2,99.3,100,,14.77,8,35,4.76,3,,,,,,88.65,1234.28,7.64,,,,,,,,,,,2026-07-27
13,13,Nico Collins,HOU,WR,WR9,248.61,20130,https://www.fantasypros.com/nfl/players/nico-collins.php,8,99.2,99.4,100,,15.97,12,28,3.27,3,,,,,,82.47,1213.21,7.25,,,,,,,,,,,2026-07-27
14,14,Ashton Jeanty,LV,RB,RB5,276.84,25989,https://www.fantasypros.com/nfl/players/ashton-jeanty.php,13,99.3,99.6,100,,16.48,7,41,6.24,3,,,281.35,1107.15,8.04,58.63,414.37,3.34,,,,,,,,,,,2026-07-27
15,15,George Pickens,DAL,WR,WR10,252.36,22963,https://www.fantasypros.com/nfl/players/george-pickens.php,14,99.2,99.6,100,,18.58,12,36,4.22,3,,,,,,82.7,1202.66,8.38,,,,,,,,,,,2026-07-27
16,16,Trey McBride,ARI,TE,TE1,257.44,22936,https://www.fantasypros.com/nfl/players/trey-mcbride.php,14,99.2,99.7,100,,18.59,15,32,5.07,3,,,,,,110.27,1065.39,6.85,,,,,,,,,,,2026-07-27
17,17,James Cook III,BUF,RB,RB6,270.23,22958,https://www.fantasypros.com/nfl/players/james-cook.php,7,99.5,99.7,100,,19.09,7,34,6.93,3,,,287.3,1403.53,10.32,33.31,281.72,1.87,,,,,,,,,,,2026-07-27
18,18,De'Von Achane,MIA,RB,RB7,291.96,23136,https://www.fantasypros.com/nfl/players/devon-achane.php,6,99.2,99.7,100,,19.23,5,34,6.44,3,,,237.89,1197.54,5.99,65.27,490.6,3.99,,,,,,,,,,,2026-07-27
19,19,Chase Brown,CIN,RB,RB8,277.62,25324,https://www.fantasypros.com/nfl/players/chase-brown.php,6,98.7,98.6,100,,19.26,10,39,5.67,3,,,239.4,1040.04,7.46,64.38,430.08,3.94,,,,,,,,,,,2026-07-27
20,20,Brock Bowers,LV,TE,TE2,243.79,22955,https://www.fantasypros.com/nfl/players/brock-bowers.php,13,99.3,99.7,100,,20.48,11,24,3.10,3,,,,,,96.45,1025.33,7.53,,,,,,,,,,,2026-07-27
21,21,Rashee Rice,KC,WR,WR11,273.2,23113,https://www.fantasypros.com/nfl/players/rashee-rice.php,5,98.1,98.9,99,,20.75,11,45,8.36,3,,,,,,98.72,1099.23,9.66,,,,,,,,,,,2026-07-27
22,22,Chris Olave,NO,WR,WR12,257.26,20111,https://www.fantasypros.com/nfl/players/chris-olave.php,8,98.1,98.4,99,,21.83,11,48,7.19,3,,,,,,94.15,1169.09,7.8,,,,,,,,,,,2026-07-27
23,23,Omarion Hampton,LAC,RB,RB9,263.53,25395,https://www.fantasypros.com/nfl/players/omarion-hampton.php,7,98.9,99,100,,23.36,11,39,6.83,3,,,249.13,1072.9,9.95,51.64,352.64,1.96,,,,,,,,,,,2026-07-27
24,24,DeVonta Smith,PHI,WR,WR13,236.68,19222,https://www.fantasypros.com/nfl/players/devonta-smith.php,10,97.9,98.8,99,,24.94,12,45,7.34,4,,,,,,87.78,1134.69,6,,,,,,,,,,,2026-07-27
25,25,Josh Allen,BUF,QB,QB1,372.16,17298,https://www.fantasypros.com/nfl/players/josh-allen-qb.php,7,99.4,99.8,100,,25.64,21,32,1.95,4,3812.77,27.41,118.12,585.48,11.81,,,,,,,,,,,,,,2026-07-27
26,26,Saquon Barkley,PHI,RB,RB10,265.76,17240,https://www.fantasypros.com/nfl/players/saquon-barkley.php,10,99.4,99.7,100,,25.70,10,43,7.19,4,,,295.84,1310.82,8.23,41.71,330.29,2.1,,,,,,,,,,,2026-07-27
27,27,Zay Flowers,BAL,WR,WR14,243.55,22916,https://www.fantasypros.com/nfl/players/zay-flowers.php,13,97.4,97.9,98,2,30.16,12,45,8.90,4,,,,,,81.92,1168.17,6.5,,,,,,,,,,,2026-07-27
28,28,Garrett Wilson,NYJ,WR,WR15,245.23,23072,https://www.fantasypros.com/nfl/players/garrett-wilson.php,13,97.6,98.3,98,,30.23,20,48,6.45,4,,,,,,97.5,1106.19,6.44,,,,,,,,,,,2026-07-27
29,29,Tee Higgins,CIN,WR,WR16,221.34,19211,https://www.fantasypros.com/nfl/players/tee-higgins.php,6,97.6,96.7,99,,31.97,19,49,7.38,4,,,,,,70.7,964.63,9.1,,,,,,,,,,,2026-07-27
30,30,Kenneth Walker III,KC,RB,RB11,251.13,23021,https://www.fantasypros.com/nfl/players/kenneth-walker-rb.php,5,99.3,99.3,100,,32.00,14,63,8.84,4,,,255.69,1158.11,8.35,45.07,347.22,1.22,,,,,,,,,,,2026-07-27
31,31,Lamar Jackson,BAL,QB,QB2,324.64,17233,https://www.fantasypros.com/nfl/players/lamar-jackson.php,13,99.1,99.6,100,,32.17,23,59,8.83,4,3649.8,28.3,118.38,639.78,3.23,,,,,,,,,,,,,,2026-07-27
32,32,Tetairoa McMillan,CAR,WR,WR17,227.17,25417,https://www.fantasypros.com/nfl/players/tetairoa-mcmillan.php,5,98.1,98.2,99,,32.19,15,51,8.22,4,,,,,,78.26,1121.89,6.42,,,,,,,,,,,2026-07-27
33,33,Ladd McConkey,LAC,WR,WR18,212.49,26122,https://www.fantasypros.com/nfl/players/ladd-mcconkey.php,7,96.2,95.1,98,,35.46,15,48,7.42,4,,,,,,76.87,976.88,6.42,,,,,,,,,,,2026-07-27
34,34,Drake Maye,NE,QB,QB3,326.9,23046,https://www.fantasypros.com/nfl/players/drake-maye.php,11,98.8,99.1,99,,36.86,26,65,11.45,5,4063.49,28.32,100.35,505.2,3.68,,,,,,,,,,,,,,2026-07-27
35,35,Jeremiyah Love,ARI,RB,RB12,255.67,25403,https://www.fantasypros.com/nfl/players/jeremiyah-love.php,14,98.1,98.4,99,,36.96,24,65,7.88,5,,,238.26,1078.68,7.22,54.36,419.48,2.08,,,,,,,,,,,2026-07-27
36,36,Jaylen Waddle,DEN,WR,WR19,209.65,19790,https://www.fantasypros.com/nfl/players/jaylen-waddle.php,10,96.1,95.6,97,,37.70,18,52,7.48,5,,,,,,74.56,983.8,6,,,,,,,,,,,2026-07-27
37,37,Emeka Egbuka,TB,WR,WR20,227.75,23062,https://www.fantasypros.com/nfl/players/emeka-egbuka.php,10,96.5,96.6,97,,38.51,19,62,8.95,5,,,,,,72.86,1096.61,7.48,,,,,,,,,,,2026-07-27
38,38,Derrick Henry,BAL,RB,RB13,272.93,15514,https://www.fantasypros.com/nfl/players/derrick-henry.php,13,99.1,99.6,100,,38.70,13,53,8.20,5,,,313.95,1568.15,13.36,17.8,172.14,0.73,,,,,,,,,,,2026-07-27
39,39,Colston Loveland,CHI,TE,TE3,209.22,26006,https://www.fantasypros.com/nfl/players/colston-loveland.php,10,98.6,99,99,,38.71,22,87,14.41,5,,,,,,78.06,915.8,6.67,,,,,,,,,,,2026-07-27
40,40,Malik Nabers,NYG,WR,WR21,224.27,25409,https://www.fantasypros.com/nfl/players/malik-nabers.php,8,98.4,98.6,99,,40.01,9,71,14.45,5,,,,,,75.4,1014.3,7.85,,,,,,,,,,,2026-07-27
41,41,Breece Hall,NYJ,RB,RB14,253.52,22982,https://www.fantasypros.com/nfl/players/breece-hall.php,13,97.6,98.2,98,,40.51,29,58,5.13,5,,,259.33,1159.7,6.51,47.35,411.25,2.23,,,,,,,,,,,2026-07-27
42,42,Kyren Williams,LAR,RB,RB15,239.8,23059,https://www.fantasypros.com/nfl/players/kyren-williams.php,11,98.1,97.9,99,,42.12,23,54,7.08,5,,,240.18,1118.08,10.06,33.47,239.57,2.22,,,,,,,,,,,2026-07-27
43,43,Terry McLaurin,WAS,WR,WR22,214.74,18466,https://www.fantasypros.com/nfl/players/terry-mclaurin.php,7,95.3,95.6,96,,42.97,28,60,6.03,5,,,,,,71.55,982.59,7.59,,,,,,,,,,,2026-07-27
44,44,Joe Burrow,CIN,QB,QB4,310.61,19196,https://www.fantasypros.com/nfl/players/joe-burrow.php,6,98.1,96.5,100,,43.61,27,98,13.95,5,4169.78,33.31,48.25,179,1.36,,,,,,,,,,,,,,2026-07-27
45,45,Josh Jacobs,GB,RB,RB16,256.82,18269,https://www.fantasypros.com/nfl/players/josh-jacobs.php,11,98.7,99.2,99,,43.65,24,65,7.52,5,,,288.73,1160.76,12.01,35.67,283.73,1.21,,,,,,,,,,,2026-07-27
46,46,Luther Burden III,CHI,WR,WR23,208.02,27016,https://www.fantasypros.com/nfl/players/luther-burden-iii.php,10,94,91.1,96,,45.20,33,64,6.58,5,,,,,,72.68,972.72,5.69,,,,,,,,,,,2026-07-27
47,47,Javonte Williams,DAL,RB,RB17,235,22739,https://www.fantasypros.com/nfl/players/javonte-williams.php,14,97.2,97.8,98,,46.74,33,61,6.54,5,,,257.49,1167.43,10.36,33.04,192.2,1.17,,,,,,,,,,,2026-07-27
48,48,Davante Adams,LAR,WR,WR24,222.01,12123,https://www.fantasypros.com/nfl/players/davante-adams.php,11,97.4,98.2,97,,48.14,38,62,4.84,5,,,,,,68.51,925.92,10.21,,,,,,,,,,,2026-07-27
49,49,Travis Etienne Jr.,NO,RB,RB18,235.1,19231,https://www.fantasypros.com/nfl/players/travis-etienne.php,8,96.6,96.5,98,,50.49,29,75,8.30,5,,,251.89,1063.47,5.34,45.2,353.73,3.02,,,,,,,,,,,2026-07-27
50,50,Mike Evans,SF,WR,WR25,196.76,12119,https://www.fantasypros.com/nfl/players/mike-evans.php,8,93.1,90.7,94,,50.64,36,81,8.04,5,,,,,,65.07,917.99,6.72,,,,,,,,,,,2026-07-27
51,51,Jayden Daniels,WAS,QB,QB5,324.5,22902,https://www.fantasypros.com/nfl/players/jayden-daniels.php,7,97.8,98.7,99,,52.51,30,79,12.24,5,3697.06,24.12,129.99,685.26,4.71,,,,,,,,,,,,,,2026-07-27
52,52,Cam Skattebo,NYG,RB,RB19,244.23,27166,https://www.fantasypros.com/nfl/players/cam-skattebo.php,8,97,97.9,97,,53.90,36,75,8.02,6,,,243.44,1015.66,8.07,45.76,364.03,2.55,,,,,,,,,,,2026-07-27
53,53,Jameson Williams,DET,WR,WR26,217.2,23677,https://www.fantasypros.com/nfl/players/jameson-williams.php,6,95.2,94.2,96,,54.17,40,91,7.78,6,,,,,,64.39,1064.88,6.56,,,,,,,,,,,2026-07-27
54,54,DJ Moore,BUF,WR,WR27,207.66,17265,https://www.fantasypros.com/nfl/players/dj-moore-wr.php,7,93.7,92.8,95,,54.65,20,100,12.66,6,,,,,,69.06,899.61,7.01,,,,,,,,,,,2026-07-27
55,55,Tyler Warren,IND,TE,TE4,201.7,26434,https://www.fantasypros.com/nfl/players/tyler-warren.php,13,98.5,99,99,,55.33,22,85,9.36,6,,,,,,82.88,870.52,5.4,,,,,,,,,,,2026-07-27
56,56,Jalen Hurts,PHI,QB,QB6,320.5,19275,https://www.fantasypros.com/nfl/players/jalen-hurts.php,10,97.7,97.3,99,,57.03,27,74,10.64,6,3571.01,24.17,111.76,461.27,8.38,,,,,,,,,,,,,,2026-07-27
57,57,Bucky Irving,TB,RB,RB20,226.85,25981,https://www.fantasypros.com/nfl/players/bucky-irving.php,10,96,95.4,96,,58.20,34,78,9.04,6,,,259.32,1031.86,6.19,40.65,341.98,2.28,,,,,,,,,,,2026-07-27
58,58,Christian Watson,GB,WR,WR28,190.87,23886,https://www.fantasypros.com/nfl/players/christian-watson.php,11,91.7,88,94,,58.41,44,109,11.90,6,,,,,,55.98,901.58,7.37,,,,,,,,,,,2026-07-27
59,59,Rome Odunze,CHI,WR,WR29,209.8,25411,https://www.fantasypros.com/nfl/players/rome-odunze.php,10,92.7,92,94,,59.49,40,94,10.20,6,,,,,,63.44,980.01,8.14,,,,,,,,,,,2026-07-27
60,60,Quinshon Judkins,CLE,RB,RB21,213.68,25391,https://www.fantasypros.com/nfl/players/quinshon-judkins.php,11,94.5,94.8,95,,61.25,36,80,9.53,6,,,289.38,1104.29,8.06,31.28,218.32,0.58,,,,,,,,,,,2026-07-27
61,61,TreVeyon Henderson,NE,RB,RB22,201.57,23065,https://www.fantasypros.com/nfl/players/treveyon-henderson.php,11,94.6,93.3,95,,61.36,34,86,10.90,6,,,190.09,885.93,7.27,37.71,261.53,1.2,,,,,,,,,,,2026-07-27
62,62,D'Andre Swift,CHI,RB,RB23,222.66,19210,https://www.fantasypros.com/nfl/players/dandre-swift.php,10,94,91.7,96,,62.04,47,78,8.07,6,,,233.11,1052.77,8.05,34.81,299.79,1.04,,,,,,,,,,,2026-07-27
63,63,David Montgomery,HOU,RB,RB24,191.95,18239,https://www.fantasypros.com/nfl/players/david-montgomery.php,8,93.6,91.6,95,,63.01,45,103,11.90,6,,,225.47,936.64,7.33,30.48,226.36,0.54,,,,,,,,,,,2026-07-27
64,64,Carnell Tate,TEN,WR,WR30,181.37,26009,https://www.fantasypros.com/nfl/players/carnell-tate.php,9,93.5,94.4,92,,67.03,36,214,33.76,6,,,,,,66.31,902.74,4.55,,,,,,,,,,,2026-07-27
65,65,Marvin Harrison Jr.,ARI,WR,WR31,197.26,23064,https://www.fantasypros.com/nfl/players/marvin-harrison-jr.php,14,91.6,90.5,93,,67.65,45,109,12.41,6,,,,,,67.23,945.3,6.02,,,,,,,,,,,2026-07-27
66,66,Caleb Williams,CHI,QB,QB7,299.8,23084,https://www.fantasypros.com/nfl/players/caleb-williams.php,10,93.9,90.4,97,,68.51,30,101,12.68,6,3827.61,27.42,79.03,397.93,2.09,,,,,,,,,,,,,,2026-07-27
67,67,Justin Herbert,LAC,QB,QB8,300.27,18635,https://www.fantasypros.com/nfl/players/justin-herbert.php,7,93.3,87.1,98,,70.99,54,105,11.41,6,3858.8,26.17,78.44,458.97,2.11,,,,,,,,,,,,,,2026-07-27
68,68,Bhayshul Tuten,JAC,RB,RB25,208.46,27297,https://www.fantasypros.com/nfl/players/bhayshul-tuten.php,7,91.9,89.8,94,,72.99,43,120,14.63,6,,,243.01,992.56,8.23,29.24,221.64,2.14,,,,,,,,,,,2026-07-27
69,69,Tucker Kraft,GB,TE,TE5,171.76,25298,https://www.fantasypros.com/nfl/players/tucker-kraft.php,11,93.9,87.3,99,,73.42,54,106,11.45,6,,,,,,58.65,755.65,6.32,,,,,,,,,,,2026-07-27
70,70,Jaylen Warren,PIT,RB,RB26,192.53,24209,https://www.fantasypros.com/nfl/players/jaylen-warren.php,9,91.3,88.1,93,,74.09,58,90,6.31,6,,,187.96,825.55,4.81,42.03,320.59,1.48,,,,,,,,,,,2026-07-27
71,71,Harold Fannin Jr.,CLE,TE,TE6,190.63,27050,https://www.fantasypros.com/nfl/players/harold-fannin-jr.php,11,94.9,92.9,97,,76.81,57,112,11.80,7,,,,,,78.34,815.43,5.39,,,,,,,,,,,2026-07-27
72,72,DK Metcalf,PIT,WR,WR32,194.71,18219,https://www.fantasypros.com/nfl/players/dk-metcalf.php,9,92.6,91.6,93,,77.77,49,116,14.16,7,,,,,,64.24,923.43,6.05,,,,,,,,,,,2026-07-27
73,73,Trevor Lawrence,JAC,QB,QB9,303.95,19780,https://www.fantasypros.com/nfl/players/trevor-lawrence.php,7,91.1,87.8,94,,78.22,59,101,10.79,7,3892.92,26.59,72.49,321.11,4.93,,,,,,,,,,,,,,2026-07-27
74,74,Jadarian Price,SEA,RB,RB27,187.48,27329,https://www.fantasypros.com/nfl/players/jadarian-price.php,11,91.3,91.1,92,,78.54,46,117,10.74,7,,,215.17,911.86,7.63,26.02,220.08,1.08,,,,,,,,,,,2026-07-27
75,75,Alec Pierce,IND,WR,WR33,207.2,23791,https://www.fantasypros.com/nfl/players/alec-pierce.php,13,90.8,88.7,93,,78.59,51,115,15.82,7,,,,,,63.98,1048.85,6.48,,,,,,,,,,,2026-07-27
76,76,Courtland Sutton,DEN,WR,WR34,204.37,17253,https://www.fantasypros.com/nfl/players/courtland-sutton.php,10,90.1,90.4,90,,79.17,49,107,14.26,7,,,,,,69.43,902.94,7.52,,,,,,,,,,,2026-07-27
77,77,Dak Prescott,DAL,QB,QB10,306.01,15600,https://www.fantasypros.com/nfl/players/dak-prescott.php,14,93.5,90.1,96,,79.26,59,105,11.97,7,4294.03,30.89,49.06,173.31,1.72,,,,,,,,,,,,,,2026-07-27
78,78,Brian Thomas Jr.,JAC,WR,WR35,175.34,23000,https://www.fantasypros.com/nfl/players/brian-thomas-jr.php,7,90,87.5,91,,79.32,51,108,15.03,7,,,,,,55.69,837.69,5.34,,,,,,,,,,,2026-07-27
79,79,Chris Godwin Jr.,TB,WR,WR36,175.61,16406,https://www.fantasypros.com/nfl/players/chris-godwin.php,10,87.6,84.3,90,,80.32,60,108,11.55,7,,,,,,67.78,772.8,5.18,,,,,,,,,,,2026-07-27
80,80,Kyle Pitts Sr.,ATL,TE,TE7,195.73,20164,https://www.fantasypros.com/nfl/players/kyle-pitts.php,11,95.9,95,97,,80.81,63,102,9.84,7,,,,,,79.46,882.11,4.72,,,,,,,,,,,2026-07-27
81,81,Tony Pollard,TEN,RB,RB28,191.1,18705,https://www.fantasypros.com/nfl/players/tony-pollard.php,9,90,88.7,91,,82.58,58,102,9.17,7,,,238.75,1045.32,5.86,31.9,207.65,0.5,,,,,,,,,,,2026-07-27
82,82,Rhamondre Stevenson,NE,RB,RB29,185.85,22726,https://www.fantasypros.com/nfl/players/rhamondre-stevenson.php,11,89.1,86.1,91,,82.77,67,103,8.28,7,,,168.82,733.56,6.53,36.76,309.78,1.62,,,,,,,,,,,2026-07-27
83,83,Michael Pittman Jr.,PIT,WR,WR37,189.88,19278,https://www.fantasypros.com/nfl/players/michael-pittman.php,9,87.8,90.5,85,,85.03,49,113,13.39,7,,,,,,80.46,803.33,4.96,,,,,,,,,,,2026-07-27
84,84,Chuba Hubbard,CAR,RB,RB30,187.08,19792,https://www.fantasypros.com/nfl/players/chuba-hubbard.php,5,91.4,89.6,94,,85.62,65,127,13.89,7,,,208.83,841.47,5.44,36.28,259.58,1.83,,,,,,,,,,,2026-07-27
85,85,Parker Washington,JAC,WR,WR38,178.69,23106,https://www.fantasypros.com/nfl/players/parker-washington.php,7,88.5,86.2,89,,86.29,48,140,20.74,7,,,,,,60.91,843.64,5.38,,,,,,,,,,,2026-07-27
86,86,Sam LaPorta,DET,TE,TE8,183.01,22978,https://www.fantasypros.com/nfl/players/sam-laporta.php,6,95.5,93.5,98,,86.46,65,115,10.70,7,,,,,,69.76,809.24,5.45,,,,,,,,,,,2026-07-27
87,87,Jordyn Tyson,NO,WR,WR39,172.41,26035,https://www.fantasypros.com/nfl/players/jordyn-tyson.php,8,89.2,86.5,89,,87.62,60,221,32.05,7,,,,,,63.16,856.45,4.33,,,,,,,,,,,2026-07-27
88,88,Rico Dowdle,PIT,RB,RB31,185.69,19647,https://www.fantasypros.com/nfl/players/rico-dowdle.php,9,90.2,87.7,92,,88.45,66,117,10.40,7,,,206.57,899.01,6.16,32.07,225.63,1.02,,,,,,,,,,,2026-07-27
89,89,Wan'Dale Robinson,TEN,WR,WR40,188.83,22985,https://www.fantasypros.com/nfl/players/wandale-robinson.php,9,77.7,85.6,61,,90.19,49,145,17.51,7,,,,,,82.95,833.82,3.64,,,,,,,,,,,2026-07-27
90,90,Michael Wilson,ARI,WR,WR41,173.52,25333,https://www.fantasypros.com/nfl/players/michael-wilson.php,14,87.5,84.8,88,,90.54,62,128,14.06,7,,,,,,66.32,810.56,4.41,,,,,,,,,,,2026-07-27
91,91,Jaxson Dart,NYG,QB,QB11,311.52,23160,https://www.fantasypros.com/nfl/players/jaxson-dart.php,8,95.1,94.2,97,,91.04,63,114,14.26,7,3592.91,22.63,100.93,549.39,6.52,,,,,,,,,,,,,,2026-07-27
92,92,RJ Harvey,DEN,RB,RB32,177.87,27142,https://www.fantasypros.com/nfl/players/rj-harvey.php,10,89.2,84.8,90,,92.12,39,144,19.91,7,,,130.44,495.54,4.62,46.6,343.91,3.52,,,,,,,,,,,2026-07-27
93,93,Brock Purdy,SF,QB,QB12,306.2,19797,https://www.fantasypros.com/nfl/players/brock-purdy.php,8,91.1,89,92,,95.22,73,108,8.24,7,4119.57,27.69,70.47,304.09,3.87,,,,,,,,,,,,,,2026-07-27
94,94,Josh Downs,IND,WR,WR42,171.44,24706,https://www.fantasypros.com/nfl/players/josh-downs.php,13,81.2,78.3,83,,95.58,51,134,18.30,7,,,,,,74.87,722.18,4.22,,,,,,,,,,,2026-07-27
95,95,Ricky Pearsall,SF,WR,WR43,168.35,26214,https://www.fantasypros.com/nfl/players/ricky-pearsall.php,8,84.7,83.7,84,,96.36,64,140,16.46,7,,,,,,59.67,831.97,3.9,,,,,,,,,,,2026-07-27
96,96,Jakobi Meyers,JAC,WR,WR44,185.68,18598,https://www.fantasypros.com/nfl/players/jakobi-meyers.php,7,83.5,86.2,75,,96.42,64,136,15.11,7,,,,,,70.6,814.45,5.39,,,,,,,,,,,2026-07-27
97,97,Makai Lemon,PHI,WR,WR45,162.37,25420,https://www.fantasypros.com/nfl/players/makai-lemon.php,10,88.7,86.3,88,,99.62,64,210,28.10,7,,,,,,56.78,798.06,4.62,,,,,,,,,,,2026-07-27
98,98,Kyle Monangai,CHI,RB,RB33,155.87,27131,https://www.fantasypros.com/nfl/players/kyle-monangai.php,10,87.9,85,90,,100.99,80,127,11.49,8,,,190.97,816.63,5.16,22.88,192.66,0.43,,,,,,,,,,,2026-07-27
99,99,Patrick Mahomes II,KC,QB,QB13,303.62,16413,https://www.fantasypros.com/nfl/players/patrick-mahomes.php,5,92,88.7,94,,101.13,74,125,9.64,8,3832.58,27.38,60.36,359.14,3.41,,,,,,,,,,,,,,2026-07-27
100,100,Quentin Johnston,LAC,WR,WR46,169.71,23123,https://www.fantasypros.com/nfl/players/quentin-johnston.php,7,82.3,78.6,82,,101.23,68,123,13.15,8,,,,,,53.6,755.93,6.86,,,,,,,,,,,2026-07-27
101,101,Travis Kelce,KC,TE,TE9,183.71,11594,https://www.fantasypros.com/nfl/players/travis-kelce.php,5,91.4,90.6,93,,101.65,73,144,16.26,8,,,,,,74.89,784.35,5.15,,,,,,,,,,,2026-07-27
102,102,Kenny Gainwell,TB,RB,RB34,166.28,23310,https://www.fantasypros.com/nfl/players/kenneth-gainwell.php,10,85.9,85.3,87,,101.72,75,143,17.53,8,,,110.68,485.22,3.76,49.7,351.57,2.01,,,,,,,,,,,2026-07-27
103,103,Bo Nix,DEN,QB,QB14,297.69,22910,https://www.fantasypros.com/nfl/players/bo-nix.php,10,89.2,86.4,92,,102.26,74,115,6.97,8,3743.04,26.77,79.08,341.1,3.65,,,,,,,,,,,,,,2026-07-27
104,104,J.K. Dobbins,DEN,RB,RB35,170.56,19245,https://www.fantasypros.com/nfl/players/jk-dobbins.php,10,88,86.1,89,,104.28,76,145,16.16,8,,,218.21,1020.72,6.58,17.7,94.25,0.55,,,,,,,,,,,2026-07-27
105,105,George Kittle,SF,TE,TE10,175.1,16499,https://www.fantasypros.com/nfl/players/george-kittle.php,8,92.9,91.6,94,,104.35,32,155,22.80,8,,,,,,66.33,756.27,5.58,,,,,,,,,,,2026-07-27
106,106,Matthew Stafford,LAR,QB,QB15,294.01,9451,https://www.fantasypros.com/nfl/players/matthew-stafford.php,11,92.8,92.6,94,,105.10,74,125,9.29,8,4191.66,33.98,23.68,33.14,0.2,,,,,,,,,,,,,,2026-07-27
107,107,Jordan Addison,MIN,WR,WR47,168.78,23107,https://www.fantasypros.com/nfl/players/jordan-addison.php,6,84.1,83.1,82,,105.30,82,125,11.22,8,,,,,,55.16,757.63,5.39,,,,,,,,,,,2026-07-27
108,108,Rachaad White,WAS,RB,RB36,167.41,23891,https://www.fantasypros.com/nfl/players/rachaad-white.php,7,80.8,84.4,78,,107.83,67,148,16.62,8,,,139.9,618.23,5.36,38.98,263.33,1.63,,,,,,,,,,,2026-07-27
109,109,Jake Ferguson,DAL,TE,TE11,167.7,22718,https://www.fantasypros.com/nfl/players/jake-ferguson.php,14,89.7,88.7,89,,108.06,85,148,14.82,8,,,,,,74.11,607.27,5.95,,,,,,,,,,,2026-07-27
110,110,Blake Corum,LAR,RB,RB37,138.56,23013,https://www.fantasypros.com/nfl/players/blake-corum.php,11,85.8,81.5,89,,108.42,86,141,12.77,8,,,167.65,801.51,6.44,11.89,80.35,0.2,,,,,,,,,,,2026-07-27
111,111,Jared Goff,DET,QB,QB16,287.28,15501,https://www.fantasypros.com/nfl/players/jared-goff.php,6,77.2,55.5,88,,110.25,70,125,9.14,8,4298.68,31.64,23.74,48.16,0.23,,,,,,,,,,,,,,2026-07-27
112,112,Aaron Jones Sr.,MIN,RB,RB38,167.98,16673,https://www.fantasypros.com/nfl/players/aaron-jones.php,6,86,86.7,84,,110.80,77,135,15.32,8,,,160,681.86,3.57,41,303.32,1.69,,,,,,,,,,,2026-07-27
113,113,Jayden Reed,GB,WR,WR48,176.08,23020,https://www.fantasypros.com/nfl/players/jayden-reed.php,11,78.5,73,81,,111.07,81,140,13.58,8,,,,,,62.81,757.77,4.8,,,,,,,,,,,2026-07-27
114,114,Kyler Murray,MIN,QB,QB17,280.13,18600,https://www.fantasypros.com/nfl/players/kyler-murray.php,6,73.1,52.4,85,,112.52,79,139,11.64,8,3496.69,23.47,79.64,475.83,3.38,,,,,,,,,,,,,,2026-07-27
115,115,Dalton Kincaid,BUF,TE,TE12,159.37,25247,https://www.fantasypros.com/nfl/players/dalton-kincaid.php,7,77.5,50,91,,115.06,94,158,15.99,8,,,,,,56.77,701.58,5.48,,,,,,,,,,,2026-07-27
116,116,Jordan Love,GB,QB,QB18,267.48,19246,https://www.fantasypros.com/nfl/players/jordan-love.php,11,58.2,22,66,,119.26,104,137,7.58,8,3840.73,26.69,46.13,194.6,0.64,,,,,,,,,,,,,,2026-07-27
117,117,Baker Mayfield,TB,QB,QB19,282.01,17237,https://www.fantasypros.com/nfl/players/baker-mayfield.php,10,61.2,37.5,62,,119.45,101,147,8.74,8,3836.45,25.87,57.69,362.08,1.47,,,,,,,,,,,,,,2026-07-27
118,118,Isaiah Likely,NYG,TE,TE13,165.38,23781,https://www.fantasypros.com/nfl/players/isaiah-likely.php,8,86.2,82.7,89,,119.74,87,236,28.59,8,,,,,,62.92,746.22,5.06,,,,,,,,,,,2026-07-27
119,119,Jonathon Brooks,CAR,RB,RB39,133.54,26148,https://www.fantasypros.com/nfl/players/jonathon-brooks.php,5,75.8,75.1,78,,120.45,77,237,35.20,8,,,154.75,623.71,3.87,25.11,192.94,1.05,,,,,,,,,,,2026-07-27
120,120,Khalil Shakir,BUF,WR,WR49,171.79,23748,https://www.fantasypros.com/nfl/players/khalil-shakir.php,7,67.5,79.3,41,,120.83,90,165,14.98,8,,,,,,72.37,748.08,4.23,,,,,,,,,,,2026-07-27
121,121,Jayden Higgins,HOU,WR,WR50,138.03,27077,https://www.fantasypros.com/nfl/players/jayden-higgins.php,8,51.2,34.4,41,,121.35,91,148,11.51,8,,,,,,49.25,608.82,4.73,,,,,,,,,,,2026-07-27
122,122,Dallas Goedert,PHI,TE,TE14,179.29,17270,https://www.fantasypros.com/nfl/players/dallas-goedert.php,10,89.1,90.1,91,,121.83,87,226,21.07,8,,,,,,65.49,689.07,7.55,,,,,,,,,,,2026-07-27
123,123,Xavier Worthy,KC,WR,WR51,167.21,23019,https://www.fantasypros.com/nfl/players/xavier-worthy.php,5,78.1,80.8,71,,121.94,82,142,11.72,8,,,,,,55.14,721.78,4.19,,,,,,,,,,,2026-07-27
124,124,Tyler Shough,NO,QB,QB20,285.88,23096,https://www.fantasypros.com/nfl/players/tyler-shough.php,8,57.3,43,51,,122.45,104,170,12.25,8,3976.61,22.09,78.19,329.08,4.08,,,,,,,,,,,,,,2026-07-27
125,125,Jacory Croskey-Merritt,WAS,RB,RB40,143.61,27316,https://www.fantasypros.com/nfl/players/jacory-croskeymerritt.php,7,79.9,73.1,82,,125.45,99,160,10.69,8,,,182.31,820.74,7.48,11.2,79.63,0.16,,,,,,,,,,,2026-07-27
126,126,Jordan Mason,MIN,RB,RB41,138.33,22969,https://www.fantasypros.com/nfl/players/jordan-mason.php,6,71.2,57.3,75,,127.42,100,157,12.54,8,,,181.63,827.48,5.81,14.47,75.77,0.11,,,,,,,,,,,2026-07-27
127,127,Mark Andrews,BAL,TE,TE15,164.8,17269,https://www.fantasypros.com/nfl/players/mark-andrews.php,13,84.8,80.1,88,,130.83,97,203,22.12,8,,,,,,58.33,607.59,7.7,,,,,,,,,,,2026-07-27
128,128,Jalen Coker,CAR,WR,WR52,152.72,26403,https://www.fantasypros.com/nfl/players/jalen-coker.php,5,50.8,41.6,34,,132.74,109,199,16.39,9,,,,,,57.39,694.73,4.58,,,,,,,,,,,2026-07-27
129,129,Romeo Doubs,NE,WR,WR53,164.29,23794,https://www.fantasypros.com/nfl/players/romeo-doubs.php,11,69.5,74.1,50,,132.88,91,174,16.50,9,,,,,,57.83,751.25,5.32,,,,,,,,,,,2026-07-27
130,130,Malik Willis,MIA,QB,QB21,269.59,23499,https://www.fantasypros.com/nfl/players/malik-willis.php,6,47.2,10.1,55,,134.30,105,236,23.97,9,3366.78,17.68,124.53,641.4,4.12,,,,,,,,,,,,,,2026-07-27
131,131,Tyrone Tracy Jr.,NYG,RB,RB42,117.34,22980,https://www.fantasypros.com/nfl/players/tyrone-tracy-jr.php,8,45.6,11.5,48,,134.38,117,162,10.35,9,,,118.32,502.57,2.47,26.34,203.27,1.19,,,,,,,,,,,2026-07-27
132,132,KC Concepcion,CLE,WR,WR54,145.41,27331,https://www.fantasypros.com/nfl/players/kevin-concepcion.php,11,68.5,75.6,46,,136.75,82,305,47.14,9,,,,,,55.66,707.8,3.14,,,,,,,,,,,2026-07-27
133,133,Matthew Golden,GB,WR,WR55,155.89,26024,https://www.fantasypros.com/nfl/players/matthew-golden.php,11,70.3,85.2,47,,136.87,93,195,19.92,9,,,,,,54.92,731.6,4.24,,,,,,,,,,,2026-07-27
134,134,Woody Marks,HOU,RB,RB43,124.31,27520,https://www.fantasypros.com/nfl/players/woody-marks.php,8,60,69.2,36,,138.55,84,228,21.78,9,,,142.65,555.39,2.65,24.04,197.78,1.78,,,,,,,,,,,2026-07-27
135,135,C.J. Stroud,HOU,QB,QB22,260.67,23071,https://www.fantasypros.com/nfl/players/cj-stroud.php,8,40.8,12,36,,139.58,113,202,16.13,9,3878.32,23.46,54.35,238.65,1.02,,,,,,,,,,,,,,2026-07-27
136,136,Sam Darnold,SEA,QB,QB23,266.38,17236,https://www.fantasypros.com/nfl/players/sam-darnold.php,11,43.3,13.1,39,,141.29,125,188,13.25,9,4087.89,27.33,44.02,131.82,0.62,,,,,,,,,,,,,,2026-07-27
137,137,Tyjae Spears,TEN,RB,RB44,136.37,25323,https://www.fantasypros.com/nfl/players/tyjae-spears.php,9,52.7,55.2,31,,143.80,105,189,14.62,9,,,92.09,367.97,2.9,45.86,305.16,1.2,,,,,,,,,,,2026-07-27
138,138,Tyler Allgeier,ARI,RB,RB45,95.58,24172,https://www.fantasypros.com/nfl/players/tyler-allgeier.php,14,48.8,20.1,48,,144.26,117,243,19.07,9,,,111.71,428.06,4.16,17.04,108.52,0.2,,,,,,,,,,,2026-07-27
139,139,Chris Rodriguez Jr.,JAC,RB,RB46,94.75,22986,https://www.fantasypros.com/nfl/players/chris-rodriguez-jr.php,7,47.1,21.4,48,,144.96,93,234,27.06,9,,,133.81,553.13,5.13,5.37,42.48,0.05,,,,,,,,,,,2026-07-27
140,140,Dylan Sampson,CLE,RB,RB47,107.84,27102,https://www.fantasypros.com/nfl/players/dylan-sampson.php,11,29.8,3.2,21,,145.78,122,189,11.51,9,,,73.5,254.08,1.34,35.86,284.62,2.07,,,,,,,,,,,2026-07-27
141,141,Zach Charbonnet,SEA,RB,RB48,122.95,23152,https://www.fantasypros.com/nfl/players/zach-charbonnet.php,11,71.6,69.4,64,,146.09,67,238,29.80,9,,,130.5,532.34,5.61,19.78,146.96,0.48,,,,,,,,,,,2026-07-27
142,142,Alvin Kamara,NO,RB,RB49,123.54,16421,https://www.fantasypros.com/nfl/players/alvin-kamara.php,8,54.9,61.2,33,,146.84,103,181,15.61,9,,,116.62,454.63,2.1,34.62,233.62,1.47,,,,,,,,,,,2026-07-27
143,143,Rashid Shaheed,SEA,WR,WR56,156.66,24687,https://www.fantasypros.com/nfl/players/rashid-shaheed.php,11,47.5,32.8,37,,149.13,120,180,14.13,9,,,,,,49.92,754.67,3.75,,,,,,,,,,,2026-07-27
144,144,Juwan Johnson,NO,TE,TE16,153.97,19562,https://www.fantasypros.com/nfl/players/juwan-johnson.php,8,47.1,20.8,42,,149.14,111,196,23.48,9,,,,,,64.49,726.23,3.24,,,,,,,,,,,2026-07-27
145,145,Isiah Pacheco,DET,RB,RB50,115.89,24333,https://www.fantasypros.com/nfl/players/isiah-pacheco.php,6,55.5,60.9,37,,149.16,118,219,14.80,9,,,139.17,581.12,3.51,21.06,136.13,0.6,,,,,,,,,,,2026-07-27
146,146,Brenton Strange,JAC,TE,TE17,151.38,25345,https://www.fantasypros.com/nfl/players/brenton-strange.php,7,50.5,10.8,57,,151.06,106,203,22.32,9,,,,,,60.02,658.03,4.33,,,,,,,,,,,2026-07-27
147,147,Cam Ward,TEN,QB,QB24,232.16,24755,https://www.fantasypros.com/nfl/players/cam-ward.php,9,33.9,8.3,25,,154.17,128,246,23.82,9,3587.74,19.81,44.18,185.46,2.01,,,,,,,,,,,,,,2026-07-27
148,148,Chig Okonkwo,WAS,TE,TE18,126.8,23982,https://www.fantasypros.com/nfl/players/chigoziem-okonkwo.php,7,42.1,7.3,45,,155.23,95,259,35.50,9,,,,,,53.9,567.24,2.74,,,,,,,,,,,2026-07-27
149,149,Jauan Jennings,MIN,WR,WR57,133.97,19590,https://www.fantasypros.com/nfl/players/jauan-jennings.php,6,36.6,10.2,25,,153.37,91,276,28.93,9,,,,,,48.74,557.01,5.17,,,,,,,,,,,2026-07-27
150,150,Jerry Jeudy,CLE,WR,WR58,144.71,19201,https://www.fantasypros.com/nfl/players/jerry-jeudy.php,11,34.4,23.7,15,,157.45,115,239,20.93,9,,,,,,54.2,746.75,2.85,,,,,,,,,,,2026-07-27
151,151,Denzel Boston,CLE,WR,WR59,126.26,27339,https://www.fantasypros.com/nfl/players/denzel-boston.php,11,37.3,11.4,27,,157.87,115,309,37.76,9,,,,,,48.82,611.97,2.88,,,,,,,,,,,2026-07-27
152,152,Bryce Young,CAR,QB,QB25,248.68,22900,https://www.fantasypros.com/nfl/players/bryce-young.php,5,32.9,5.5,24,,162.30,129,242,19.98,9,3363.33,22.11,58.26,257.45,3.04,,,,,,,,,,,,,,2026-07-27
153,153,Daniel Jones,IND,QB,QB26,274.53,18232,https://www.fantasypros.com/nfl/players/daniel-jones.php,13,40.8,22.6,31,,162.86,129,276,33.13,9,3759.61,23.53,66.01,251.12,3.97,,,,,,,,,,,,,,2026-07-27
154,154,Keaton Mitchell,LAC,RB,RB51,70.75,25360,https://www.fantasypros.com/nfl/players/keaton-mitchell.php,7,33.6,3.6,31,,163.25,129,260,29.87,9,,,85.2,395.37,1.9,11.52,82.75,0.23,,,,,,,,,,,2026-07-27
155,155,Oronde Gadsden II,LAC,TE,TE19,122.02,25997,https://www.fantasypros.com/nfl/players/oronde-gadsden-ii.php,7,55,11.9,65,,163.65,97,229,35.51,9,,,,,,45.46,563.91,3.59,,,,,,,,,,,2026-07-27
156,156,Omar Cooper Jr.,NYJ,WR,WR60,120.38,28127,https://www.fantasypros.com/nfl/players/omar-cooper-jr.php,13,43.5,30.7,24,,160.78,126,304,34.98,9,,,,,,46.3,550.34,3.32,,,,,,,,,,,2026-07-27
157,157,Hunter Henry,NE,TE,TE20,153.61,15561,https://www.fantasypros.com/nfl/players/hunter-henry.php,11,63.4,38.9,65,,164.64,106,229,26.68,9,,,,,,56.25,651.67,5.4,,,,,,,,,,,2026-07-27
158,158,Adonai Mitchell,NYJ,WR,WR61,115.45,24357,https://www.fantasypros.com/nfl/players/adonai-mitchell.php,13,22.4,3.3,11,,164.94,130,262,22.67,9,,,,,,38.5,563.89,3.28,,,,,,,,,,,2026-07-27
159,159,Jonah Coleman,DEN,RB,RB52,32.67,27320,https://www.fantasypros.com/nfl/players/jonah-coleman.php,10,35.8,3.5,31,,161.52,125,318,32.09,9,,,28.27,117.88,0.89,8.05,58.55,0.3,,,,,,,,,,,2026-07-27
160,160,Houston Texans,HOU,D/ST,DST1,120.54,8120,https://www.fantasypros.com/nfl/players/houston-defense.php,8,94.4,96,99,,153.85,150,183,6.54,9,,,,,,,,,,,,48.85,14.78,2.81,1,18.37,11.63,1,2026-07-27
161,161,Jalen McMillan,TB,WR,WR62,133.66,23179,https://www.fantasypros.com/nfl/players/jalen-mcmillan.php,10,36.8,22.1,23,,170.51,133,299,30.86,9,,,,,,46.63,605.68,3.93,,,,,,,,,,,2026-07-27
162,162,Brian Robinson Jr.,ATL,RB,RB53,92.96,20094,https://www.fantasypros.com/nfl/players/brian-robinson-jr.php,11,37.3,10.4,21,,171.51,139,284,23.53,9,,,129.27,563.94,4.34,6.87,43.08,0.15,,,,,,,,,,,2026-07-27
163,163,Travis Hunter,JAC,WR,WR63,111.65,26034,https://www.fantasypros.com/nfl/players/travis-hunter.php,7,67.1,70.4,31,,169.88,83,277,37.40,9,,,,,,41.62,496.15,3.3,,,,,,,,,,,2026-07-27
164,164,Tank Bigsby,PHI,RB,RB54,67.26,22908,https://www.fantasypros.com/nfl/players/tank-bigsby.php,10,30.6,11.7,18,,174.65,141,247,24.63,9,,,85.61,419.41,3.18,3.31,29.33,0.07,,,,,,,,,,,2026-07-27
165,165,Braelon Allen,NYJ,RB,RB55,91.37,24346,https://www.fantasypros.com/nfl/players/braelon-allen.php,13,27.8,6.2,19,,172.74,120,279,31.48,10,,,105.96,427.91,4.26,12.85,93.74,0.71,,,,,,,,,,,2026-07-27
166,166,Tre Tucker,LV,WR,WR64,142.04,25337,https://www.fantasypros.com/nfl/players/tre-tucker.php,13,27,10.4,15,,176.57,110,291,31.52,10,,,,,,50.09,634.08,3.77,,,,,,,,,,,2026-07-27
167,167,Denver Broncos,DEN,D/ST,DST2,118.26,8090,https://www.fantasypros.com/nfl/players/denver-defense.php,10,92.5,97.7,99,,162.46,151,203,7.53,10,,,,,,,,,,,,59.72,13.32,2.39,0.5,12.27,8.28,1,2026-07-27
168,168,Dalton Schultz,HOU,TE,TE21,148.67,17349,https://www.fantasypros.com/nfl/players/dalton-schultz.php,8,34,6.6,22,,180.77,131,226,22.16,10,,,,,,65.82,630.13,3.37,,,,,,,,,,,2026-07-27
169,169,Seattle Seahawks,SEA,D/ST,DST3,110.62,8260,https://www.fantasypros.com/nfl/players/seattle-defense.php,11,95.4,92.3,99,,167.20,161,189,4.55,10,,,,,,,,,,,,46.3,13.59,3.23,0.5,13.53,8.39,1,2026-07-27
170,170,Tre' Harris,LAC,WR,WR65,89.29,26215,https://www.fantasypros.com/nfl/players/tre-harris.php,7,20.8,2.4,5,,178.49,136,287,27.28,10,,,,,,34.51,407.79,2.45,,,,,,,,,,,2026-07-27
171,171,Stefon Diggs,FA,WR,WR66,,13981,https://www.fantasypros.com/nfl/players/stefon-diggs.php,,53.6,32.3,48,,155.19,68,289,43.39,10,,,,,,,,,,,,,,,,,,,2026-07-27
172,172,Los Angeles Rams,LAR,D/ST,DST4,107.08,8280,https://www.fantasypros.com/nfl/players/los-angeles-rams-defense.php,11,84.2,67,97,,169.52,150,186,6.92,10,,,,,,,,,,,,46.33,13.41,2.33,0.5,14.48,9.47,1,2026-07-27
173,173,Philadelphia Eagles,PHI,D/ST,DST5,102.28,8230,https://www.fantasypros.com/nfl/players/philadelphia-defense.php,10,84.2,71.5,96,,174.97,161,235,9.96,10,,,,,,,,,,,,42.16,12.96,2.37,0,14.4,10,1,2026-07-27
174,174,Ryan Flournoy,DAL,WR,WR67,89.52,26398,https://www.fantasypros.com/nfl/players/ryan-flournoy.php,14,19.5,2.3,6,,188.17,148,327,31.12,10,,,,,,34.01,384.5,2.66,,,,,,,,,,,2026-07-27
175,175,T.J. Hockenson,MIN,TE,TE22,140.57,18290,https://www.fantasypros.com/nfl/players/tj-hockenson.php,6,56.2,66.3,30,,190.91,138,246,19.33,10,,,,,,63.89,574,3.27,,,,,,,,,,,2026-07-27
176,176,Jaylin Noel,HOU,WR,WR68,101.89,27122,https://www.fantasypros.com/nfl/players/jaylin-noel.php,8,14.8,1.4,4,,191.59,137,293,30.19,10,,,,,,39.54,452.32,2.5,,,,,,,,,,,2026-07-27
177,177,James Conner,ARI,RB,RB56,61.6,16447,https://www.fantasypros.com/nfl/players/james-conner.php,14,29.9,10.1,12,,188.30,84,318,50.36,10,,,42.5,155,1.5,18,131,1,,,,,,,,,,,2026-07-27
178,178,Troy Franklin,DEN,WR,WR69,96.57,23092,https://www.fantasypros.com/nfl/players/troy-franklin.php,10,17.7,1.4,4,,189.00,128,303,36.34,10,,,,,,36.51,395.94,3.39,,,,,,,,,,,2026-07-27
179,179,Jacoby Brissett,ARI,QB,QB27,232.43,15642,https://www.fantasypros.com/nfl/players/jacoby-brissett.php,14,25.9,2.5,13,,199.12,129,285,41.89,10,3590.67,19.68,48.73,215.1,1.44,,,,,,,,,,,,,,2026-07-27
180,180,Brandon Aubrey,DAL,K,K1,152.98,26068,https://www.fantasypros.com/nfl/players/brandon-aubrey.php,14,97.6,99.7,100,,186.94,178,193,1.80,10,,,,,,,,,39.88,35.16,47.5,,,,,,,,2026-07-27
181,181,Pittsburgh Steelers,PIT,D/ST,DST6,112.81,8240,https://www.fantasypros.com/nfl/players/pittsburgh-defense.php,9,70.1,74.8,73,,188.31,171,255,9.59,10,,,,,,,,,,,,46.04,13.26,2.43,0,18.82,12.84,1,2026-07-27
182,182,Kayshon Boutte,NE,WR,WR70,100.54,22989,https://www.fantasypros.com/nfl/players/kayshon-boutte.php,11,21.5,2.4,7,,195.24,165,293,28.29,10,,,,,,30.28,462.49,4.04,,,,,,,,,,,2026-07-27
183,183,Minnesota Vikings,MIN,D/ST,DST7,112.61,8170,https://www.fantasypros.com/nfl/players/minnesota-defense.php,6,62.7,44.8,84,,185.36,171,241,11.92,10,,,,,,,,,,,,49.09,12.57,2.38,0,18.04,12.05,1,2026-07-27
184,184,Jacksonville Jaguars,JAC,D/ST,DST8,98.97,8140,https://www.fantasypros.com/nfl/players/jacksonville-defense.php,7,67.7,70,79,,189.42,172,235,10.41,10,,,,,,,,,,,,37,13.9,2.63,0,13.58,9.2,0,2026-07-27
185,185,Calvin Ridley,TEN,WR,WR71,152.44,17258,https://www.fantasypros.com/nfl/players/calvin-ridley.php,9,26.1,27.1,6,,204.04,140,290,32.30,10,,,,,,48.12,785.36,3.29,,,,,,,,,,,2026-07-27
186,186,New England Patriots,NE,D/ST,DST9,98.1,8180,https://www.fantasypros.com/nfl/players/new-england-defense.php,11,80.4,88.7,86,,187.45,167,279,13.91,10,,,,,,,,,,,,40.64,11.61,2.56,0.5,12.48,8.94,2,2026-07-27
187,187,Isaac TeSlaa,DET,WR,WR72,85.01,27446,https://www.fantasypros.com/nfl/players/isaac-teslaa.php,6,23.6,3.9,12,,198.13,150,293,25.78,10,,,,,,25.38,351.82,4.12,,,,,,,,,,,2026-07-27
188,188,Ray Davis,BUF,RB,RB57,35.84,26191,https://www.fantasypros.com/nfl/players/ray-davis.php,7,19.5,3.2,8,,205.35,143,288,33.02,10,,,32.3,137.77,1.06,7.75,59.96,0.39,,,,,,,,,,,2026-07-27
189,189,AJ Barner,SEA,TE,TE23,124.32,26335,https://www.fantasypros.com/nfl/players/aj-barner.php,11,31.8,4,20,,208.70,144,252,25.31,10,,,,,,48.57,469.48,4.88,,,,,,,,,,,2026-07-27
190,190,Ka'imi Fairbairn,HOU,K,K2,144.46,15756,https://www.fantasypros.com/nfl/players/kaimi-fairbairn.php,8,90.1,94.2,97,,192.36,182,205,3.03,10,,,,,,,,,40.46,36.3,35.56,,,,,,,,2026-07-27
191,191,Deebo Samuel Sr.,FA,WR,WR73,,18244,https://www.fantasypros.com/nfl/players/deebo-samuel.php,,33,8.8,26,,185.18,126,273,36.62,10,,,,,,,,,,,,,,,,,,,2026-07-27
192,192,Cameron Dicker,LAC,K,K3,144.12,23901,https://www.fantasypros.com/nfl/players/cameron-dicker.php,7,95.2,99,96,,196.03,187,253,9.39,10,,,,,,,,,38.6,34.65,40.17,,,,,,,,2026-07-27
193,193,Pat Bryant,DEN,WR,WR74,72.42,27211,https://www.fantasypros.com/nfl/players/pat-bryant.php,10,15.8,1.2,2,,210.51,168,315,29.11,10,,,,,,28.43,319.66,2.1,,,,,,,,,,,2026-07-27
194,194,Kimani Vidal,LAC,RB,RB58,61.05,26355,https://www.fantasypros.com/nfl/players/kimani-vidal.php,7,19.6,2.1,5,,201.33,156,284,35.83,10,,,62.22,251.01,1.61,11.92,104.3,0.69,,,,,,,,,,,2026-07-27
195,195,Emanuel Wilson,SEA,RB,RB59,51.17,25885,https://www.fantasypros.com/nfl/players/emanuel-wilson.php,11,19,1.4,9,,208.29,145,311,37.48,10,,,69.71,289.49,1.71,7.68,52.13,0.03,,,,,,,,,,,2026-07-27
196,196,Los Angeles Chargers,LAC,D/ST,DST10,107.77,8250,https://www.fantasypros.com/nfl/players/los-angeles-chargers-defense.php,7,50,39.3,72,,195.19,171,279,20.49,10,,,,,,,,,,,,48.61,15.29,1.99,0,12.64,8.33,0,2026-07-27
197,197,Kenyon Sadiq,NYJ,TE,TE24,130.03,26055,https://www.fantasypros.com/nfl/players/kenyon-sadiq.php,13,65,68.1,42,,211.57,138,395,38.77,10,,,,,,51.05,557.97,4.11,,,,,,,,,,,2026-07-27
198,198,Cam Little,JAC,K,K4,129.9,26475,https://www.fantasypros.com/nfl/players/cam-little.php,7,85.5,89.8,97,,199.15,183,282,12.50,10,,,,,,,,,32.45,28.78,43.57,,,,,,,,2026-07-27
199,199,Dontayvion Wicks,PHI,WR,WR75,80.99,24354,https://www.fantasypros.com/nfl/players/dontayvion-wicks.php,10,12.2,1,2,,212.83,149,291,24.99,10,,,,,,31.13,354.95,2.39,,,,,,,,,,,2026-07-27
200,200,Jalen Nailor,LV,WR,WR76,125.79,24177,https://www.fantasypros.com/nfl/players/jalen-nailor.php,13,30.9,4.6,18,,206.81,110,309,48.60,10,,,,,,41.99,566.91,4.41,,,,,,,,,,,2026-07-27
201,201,Jason Myers,SEA,K,K5,150.35,14003,https://www.fantasypros.com/nfl/players/jason-myers.php,11,91.6,97.3,96,,201.52,190,253,9.23,10,,,,,,,,,39.96,34.7,46.26,,,,,,,,2026-07-27
202,202,Darnell Mooney,NYG,WR,WR77,107.05,19810,https://www.fantasypros.com/nfl/players/darnell-mooney.php,8,17,6.4,3,,209.46,154,293,25.60,10,,,,,,36.49,534.84,2.76,,,,,,,,,,,2026-07-27
203,203,Gunnar Helm,TEN,TE,TE25,111.44,27109,https://www.fantasypros.com/nfl/players/gunnar-helm.php,9,22.4,3.1,5,,216.78,153,295,29.28,10,,,,,,48.92,443.07,3.1,,,,,,,,,,,2026-07-27
204,204,Baltimore Ravens,BAL,D/ST,DST11,101.69,8020,https://www.fantasypros.com/nfl/players/baltimore-defense.php,13,47.8,43.4,41,,205.88,172,280,23.29,10,,,,,,,,,,,,45.93,12.78,1.96,0,13.91,9.23,1,2026-07-27
205,205,Sean Tucker,TB,RB,RB60,30.23,23679,https://www.fantasypros.com/nfl/players/sean-tucker.php,10,19.4,0.7,5,,209.73,148,352,38.57,10,,,38.81,163.61,2.23,0.5,3,0,,,,,,,,,,,2026-07-27
206,206,Antonio Williams,WAS,WR,WR78,126.05,25418,https://www.fantasypros.com/nfl/players/antonio-williams-wr.php,7,28.7,5.3,12,,192.52,123,322,46.50,10,,,,,,44.37,600.11,3.61,,,,,,,,,,,2026-07-27
207,207,Malik Washington,MIA,WR,WR79,107,26314,https://www.fantasypros.com/nfl/players/malik-washington.php,6,21.2,2.7,9,,216.84,147,302,40.08,10,,,,,,43.52,390.04,2.29,,,,,,,,,,,2026-07-27
208,208,Tyler Loop,BAL,K,K6,131.95,27534,https://www.fantasypros.com/nfl/players/tyler-loop.php,13,60,49.6,86,,208.29,187,258,11.12,11,,,,,,,,,32.48,28.43,46.67,,,,,,,,2026-07-27
209,209,Eddy Pineiro,SF,K,K7,132.63,17575,https://www.fantasypros.com/nfl/players/eddy-pineiro.php,8,60.7,83.4,68,,208.82,200,250,8.72,11,,,,,,,,,34.69,31.04,39.51,,,,,,,,2026-07-27
210,210,Emmett Johnson,KC,RB,RB61,34.48,28107,https://www.fantasypros.com/nfl/players/emmett-johnson.php,5,27.1,2.8,9,,196.89,146,317,40.36,11,,,39.73,165.15,1.29,5.19,41.1,0.2,,,,,,,,,,,2026-07-27
211,211,Green Bay Packers,GB,D/ST,DST12,95.27,8110,https://www.fantasypros.com/nfl/players/green-bay-defense.php,11,31.9,49.8,24,,201.52,180,286,25.71,11,,,,,,,,,,,,40.4,11.92,1.93,0,13.54,9.73,1,2026-07-27
212,212,Mike Washington Jr.,LV,RB,RB62,77.71,28108,https://www.fantasypros.com/nfl/players/mike-washington-jr.php,13,25.7,6.2,9,,202.00,143,319,35.37,11,,,92.81,352.52,2.12,15.17,121.46,0.64,,,,,,,,,,,2026-07-27
213,213,Kansas City Chiefs,KC,D/ST,DST13,92.53,8150,https://www.fantasypros.com/nfl/players/kansas-city-defense.php,5,25.5,33.5,15,,212.66,183,279,15.82,11,,,,,,,,,,,,42.02,11.68,1.87,0,12.28,7.95,0,2026-07-27
214,214,Detroit Lions,DET,D/ST,DST14,107.4,8100,https://www.fantasypros.com/nfl/players/detroit-defense.php,6,50,75.5,42,,216.46,185,279,21.92,11,,,,,,,,,,,,48.04,13.41,2.12,0.5,14.1,9.41,1,2026-07-27
215,215,Cairo Santos,CHI,K,K8,132.81,13731,https://www.fantasypros.com/nfl/players/cairo-santos.php,10,23,32.8,22,,215.13,204,260,8.74,11,,,,,,,,,34.49,29.99,42.84,,,,,,,,2026-07-27
216,216,Nicholas Singleton,TEN,RB,RB63,19.68,24343,https://www.fantasypros.com/nfl/players/nick-singleton.php,9,25.8,2.8,9,,212.02,143,320,40.58,11,,,20.27,83.43,0.55,4.29,29.9,0.16,,,,,,,,,,,2026-07-27
217,217,Evan McPherson,CIN,K,K9,128.68,23297,https://www.fantasypros.com/nfl/players/evan-mcpherson.php,6,41,10.7,50,,213.95,190,259,14.60,11,,,,,,,,,32.15,27.67,45.66,,,,,,,,2026-07-27
218,218,Tank Dell,HOU,WR,WR80,122.96,25361,https://www.fantasypros.com/nfl/players/nathaniel-dell.php,8,23.7,10.2,6,,224.59,166,286,26.11,11,,,,,,43.07,545.83,3.35,,,,,,,,,,,2026-07-27
219,219,Cooper Kupp,SEA,WR,WR81,125.08,16433,https://www.fantasypros.com/nfl/players/cooper-kupp.php,11,16.8,7.2,5,,228.42,163,299,29.57,11,,,,,,47.43,583.76,3.41,,,,,,,,,,,2026-07-27
220,220,Aaron Rodgers,PIT,QB,QB28,222.95,9001,https://www.fantasypros.com/nfl/players/aaron-rodgers.php,9,24.4,3.7,13,,222.74,139,345,47.32,11,3479.1,21.66,26.04,82.48,0.63,,,,,,,,,,,,,,2026-07-27
221,221,Geno Smith,NYJ,QB,QB29,233.17,11687,https://www.fantasypros.com/nfl/players/geno-smith.php,13,21.2,2.2,7,,234.99,153,317,35.45,11,3455.47,21.78,57.34,209.63,1.01,,,,,,,,,,,,,,2026-07-27
222,222,Buffalo Bills,BUF,D/ST,DST15,107.51,8030,https://www.fantasypros.com/nfl/players/buffalo-defense.php,7,31.9,63.5,16,,224.09,190,280,17.23,11,,,,,,,,,,,,42.75,14.93,2.46,0.5,13.17,9.57,0,2026-07-27
223,223,Andy Borregales,NE,K,K10,121.33,27291,https://www.fantasypros.com/nfl/players/andres-borregales.php,11,26,3.4,58,,217.97,200,282,15.65,11,,,,,,,,,31.21,26.13,42.95,,,,,,,,2026-07-27
224,224,Jake Bates,DET,K,K11,135.86,26075,https://www.fantasypros.com/nfl/players/jake-bates.php,6,57.8,75.4,46,,224.78,192,266,14.81,11,,,,,,,,,33.81,28.28,51.03,,,,,,,,2026-07-27
225,225,Kaytron Allen,WAS,RB,RB64,21.52,24362,https://www.fantasypros.com/nfl/players/kaytron-allen.php,7,21.4,1.7,6,,219.48,145,321,42.84,11,,,23.63,110.83,0.72,3.13,25.54,0.09,,,,,,,,,,,2026-07-27
226,226,Rashod Bateman,BAL,WR,WR82,133.35,19794,https://www.fantasypros.com/nfl/players/rashod-bateman.php,13,10.7,2.9,2,,234.28,168,295,25.81,11,,,,,,38.35,594.35,5.98,,,,,,,,,,,2026-07-27
227,227,Chimere Dike,TEN,WR,WR83,74.8,27315,https://www.fantasypros.com/nfl/players/chimere-dike.php,9,16.2,1.3,4,,223.70,140,368,46.43,11,,,,,,26.06,252.86,3.26,,,,,,,,,,,2026-07-27
228,228,De'Zhaun Stribling,SF,WR,WR84,90.66,28138,https://www.fantasypros.com/nfl/players/dezhaun-stribling.php,8,20.1,2.1,4,,239.09,150,391,49.38,11,,,,,,32.27,440.36,2.49,,,,,,,,,,,2026-07-27
229,229,Chase McLaughlin,TB,K,K12,132.86,19058,https://www.fantasypros.com/nfl/players/chase-mclaughlin.php,10,23.8,19,17,,224.32,204,281,15.58,11,,,,,,,,,36.49,31.52,38.29,,,,,,,,2026-07-27
230,230,Jaylen Wright,MIA,RB,RB65,50.6,25987,https://www.fantasypros.com/nfl/players/jaylen-wright.php,6,14.4,1.2,3,,229.41,156,315,31.72,11,,,79.92,308.03,1.54,7.24,52.48,0.1,,,,,,,,,,,2026-07-27
231,231,Brandon Aiyuk,SF,WR,WR85,,19252,https://www.fantasypros.com/nfl/players/brandon-aiyuk.php,8,27.8,8.5,16,,207.58,133,303,49.26,11,,,,,,,,,,,,,,,,,,,2026-07-27
232,232,Pat Freiermuth,PIT,TE,TE26,133.84,20163,https://www.fantasypros.com/nfl/players/pat-freiermuth.php,9,21.7,5.8,8,,242.01,165,306,25.76,11,,,,,,52.96,557.91,4.26,,,,,,,,,,,2026-07-27
233,233,Cleveland Browns,CLE,D/ST,DST16,100.94,8070,https://www.fantasypros.com/nfl/players/cleveland-defense.php,11,25.7,50.9,11,,211.07,167,356,34.76,11,,,,,,,,,,,,46.19,12.14,2.21,0,12.72,8.59,0,2026-07-27
234,234,Harrison Mevis,LAR,K,K13,136.88,26638,https://www.fantasypros.com/nfl/players/harrison-mevis.php,11,49.7,91.2,33,,231.59,204,282,20.85,11,,,,,,,,,30.15,27.32,54.93,,,,,,,,2026-07-27
235,235,Cade Otton,TB,TE,TE27,128.8,23181,https://www.fantasypros.com/nfl/players/cade-otton.php,10,23.2,2.1,5,,245.56,173,325,22.97,11,,,,,,54.84,556.68,3.09,,,,,,,,,,,2026-07-27
236,236,Jack Bech,LV,WR,WR86,91.09,27224,https://www.fantasypros.com/nfl/players/jack-bech.php,13,13.2,2,3,,242.17,165,341,33.03,11,,,,,,37.95,440.78,1.64,,,,,,,,,,,2026-07-27
237,237,Zachariah Branch,ATL,WR,WR87,80.28,25419,https://www.fantasypros.com/nfl/players/zachariah-branch.php,11,22.7,2.4,4,,235.73,149,343,38.56,11,,,,,,31.37,382.05,1.89,,,,,,,,,,,2026-07-27
238,238,Germie Bernard,PIT,WR,WR88,118.03,26039,https://www.fantasypros.com/nfl/players/germie-bernard.php,9,20.4,7.4,4,,230.25,166,321,37.82,11,,,,,,44.56,550.8,3.1,,,,,,,,,,,2026-07-27
239,239,Terrance Ferguson,LAR,TE,TE28,112.84,23091,https://www.fantasypros.com/nfl/players/terrance-ferguson.php,11,23.6,7,12,,247.42,197,390,30.61,11,,,,,,36.31,500.28,4.47,,,,,,,,,,,2026-07-27
240,240,Elic Ayomanor,TEN,WR,WR89,75.41,27059,https://www.fantasypros.com/nfl/players/elic-ayomanor.php,9,12.3,0.5,2,,240.75,158,338,41.56,11,,,,,,23.95,322.96,3.21,,,,,,,,,,,2026-07-27
241,241,Ollie Gordon II,MIA,RB,RB66,34.64,25984,https://www.fantasypros.com/nfl/players/ollie-gordon.php,6,5.1,1,2,,244.25,175,317,22.87,11,,,49.38,202.79,1.21,3.94,27.76,0.12,,,,,,,,,,,2026-07-27
242,242,MarShawn Lloyd,GB,RB,RB67,43.17,23118,https://www.fantasypros.com/nfl/players/marshawn-lloyd.php,11,11.8,2.7,5,,242.14,157,326,44.70,11,,,50.6,211.52,1.55,6.53,48.61,0.28,,,,,,,,,,,2026-07-27
243,243,David Njoku,LAC,TE,TE29,93.6,16399,https://www.fantasypros.com/nfl/players/david-njoku.php,7,25.5,4,9,,245.58,181,300,22.05,11,,,,,,35.87,336.87,4.04,,,,,,,,,,,2026-07-27
244,244,Keon Coleman,BUF,WR,WR90,59.13,26019,https://www.fantasypros.com/nfl/players/keon-coleman.php,7,12.4,1.8,3,,245.83,179,307,31.86,11,,,,,,19.41,265.99,2.25,,,,,,,,,,,2026-07-27
245,245,Ted Hurst III,TB,WR,WR91,82.6,28130,https://www.fantasypros.com/nfl/players/ted-hurst.php,10,17.3,0.9,2,,257.12,197,385,39.55,11,,,,,,28.9,389.29,2.56,,,,,,,,,,,2026-07-27
246,246,Fernando Mendoza,LV,QB,QB30,192.7,28013,https://www.fantasypros.com/nfl/players/fernando-mendoza.php,13,34.5,14.8,14,,249.57,159,346,38.99,11,2887.18,16.06,50.37,227.09,1.3,,,,,,,,,,,,,,2026-07-27
247,247,Colby Parkinson,LAR,TE,TE30,91.89,19372,https://www.fantasypros.com/nfl/players/colby-parkinson.php,11,20.3,1.4,3,,255.95,191,306,18.18,11,,,,,,34.33,354.33,3.89,,,,,,,,,,,2026-07-27
248,248,Chris Boswell,PIT,K,K14,118.19,13029,https://www.fantasypros.com/nfl/players/chris-boswell.php,9,40.3,38.6,44,,246.15,200,282,13.59,11,,,,,,,,,32.37,28.12,33.82,,,,,,,,2026-07-27
249,249,Harrison Butker,KC,K,K15,131.76,16712,https://www.fantasypros.com/nfl/players/harrison-butker.php,5,38.7,71.7,18,,243.93,200,315,24.72,11,,,,,,,,,36.22,31.28,37.93,,,,,,,,2026-07-27
250,250,Christian Kirk,SF,WR,WR92,105.16,17268,https://www.fantasypros.com/nfl/players/christian-kirk.php,8,13,2.3,2,,252.45,170,325,30.02,11,,,,,,39.5,476.02,3.05,,,,,,,,,,,2026-07-27
251,251,Evan Engram,DEN,TE,TE31,116.69,16411,https://www.fantasypros.com/nfl/players/evan-engram.php,10,12.9,2.5,3,,255.75,173,295,23.62,11,,,,,,53.44,471.83,2.72,,,,,,,,,,,2026-07-27
252,252,Justice Hill,BAL,RB,RB68,116.04,18256,https://www.fantasypros.com/nfl/players/justice-hill.php,13,9.1,4.2,2,,239.71,146,311,42.00,11,,,56.38,273.47,2.18,34.73,302.97,1.84,,,,,,,,,,,2026-07-27
253,253,Jaydon Blue,DAL,RB,RB69,46.52,24344,https://www.fantasypros.com/nfl/players/jaydon-blue.php,14,13.7,1.7,5,,251.15,171,323,36.89,12,,,48.65,205.03,1.53,8.77,61.86,0.39,,,,,,,,,,,2026-07-27
254,254,Greg Dulcich,MIA,TE,TE32,133.46,23153,https://www.fantasypros.com/nfl/players/greg-dulcich.php,6,20.1,2.4,10,,215.47,131,295,44.44,12,,,,,,54.59,619.67,3.21,,,,,,,,,,,2026-07-27
255,255,Tory Horton,SEA,WR,WR93,94.42,26022,https://www.fantasypros.com/nfl/players/tory-horton.php,11,15.2,1.2,2,,261.43,215,370,28.98,12,,,,,,30.32,400.94,4.16,,,,,,,,,,,2026-07-27
256,256,Elijah Sarratt,BAL,WR,WR94,59.2,27463,https://www.fantasypros.com/nfl/players/elijah-sarratt.php,13,16.3,1,2,,249.20,178,324,29.21,12,,,,,,19.54,294.44,1.77,,,,,,,,,,,2026-07-27
257,257,Trey Benson,ARI,RB,RB70,0,25388,https://www.fantasypros.com/nfl/players/trey-benson.php,14,16.8,1,2,,246.24,118,352,53.20,12,,,0,0,0,0,0,0,,,,,,,,,,,2026-07-27
258,258,Tyreek Hill,FA,WR,WR95,,15802,https://www.fantasypros.com/nfl/players/tyreek-hill.php,,32.8,20.3,16,,224.98,115,335,62.53,12,,,,,,,,,,,,,,,,,,,2026-07-27
259,259,Isaiah Davis,NYJ,RB,RB71,37.6,25977,https://www.fantasypros.com/nfl/players/isaiah-davis.php,13,4.4,0.5,1,,254.28,182,322,31.24,12,,,26.36,134.99,0.87,9.94,78.17,0.21,,,,,,,,,,,2026-07-27
260,260,Tua Tagovailoa,ATL,QB,QB31,164.45,19198,https://www.fantasypros.com/nfl/players/tua-tagovailoa.php,11,22.4,2.1,5,,272.21,139,347,33.96,12,2724.26,15.79,19.63,46.61,0.09,,,,,,,,,,,,,,2026-07-27
261,261,Eli Stowers,PHI,TE,TE33,53.87,23144,https://www.fantasypros.com/nfl/players/eli-stowers.php,10,24,1.8,6,,267.94,164,361,34.11,12,,,,,,22.66,232.42,1.52,,,,,,,,,,,2026-07-27
262,262,DJ Giddens,IND,RB,RB72,35.89,27097,https://www.fantasypros.com/nfl/players/dj-giddens.php,13,4.3,0.6,2,,261.60,177,329,28.95,12,,,33.56,141.46,1.01,8.61,56.69,0.29,,,,,,,,,,,2026-07-27
263,263,Marvin Mims Jr.,DEN,WR,WR96,66.67,23080,https://www.fantasypros.com/nfl/players/marvin-mims.php,10,10.5,0.7,2,,256.43,198,396,35.26,12,,,,,,24.16,272.47,1.6,,,,,,,,,,,2026-07-27
264,264,Ty Johnson,BUF,RB,RB73,96.29,18406,https://www.fantasypros.com/nfl/players/ty-johnson.php,7,4.6,1,1,,256.65,175,386,30.95,12,,,51.58,218.73,2.04,24.88,250.67,2.1,,,,,,,,,,,2026-07-27
265,265,Darius Slayton,NYG,WR,WR97,102.26,18706,https://www.fantasypros.com/nfl/players/darius-slayton.php,8,6.5,1,2,,262.18,180,381,37.27,12,,,,,,35.43,521,2.5,,,,,,,,,,,2026-07-27
266,266,Chris Bell,MIA,WR,WR98,88.38,26038,https://www.fantasypros.com/nfl/players/chris-bell.php,6,19.9,4.9,5,,239.69,154,313,33.47,12,,,,,,34.23,448.88,1.66,,,,,,,,,,,2026-07-27
267,267,Malachi Fields,NYG,WR,WR99,34.1,27994,https://www.fantasypros.com/nfl/players/malachi-fields.php,8,17.5,1.4,4,,252.78,193,367,36.52,12,,,,,,13.22,157.56,0.9,,,,,,,,,,,2026-07-27
268,268,Devin Neal,NO,RB,RB74,19.2,23682,https://www.fantasypros.com/nfl/players/devin-neal.php,8,8.5,0.3,1,,258.98,164,360,42.21,12,,,22.5,89.5,1,2.5,17.5,0,,,,,,,,,,,2026-07-27
269,269,Demond Claiborne,MIN,RB,RB75,23.64,28084,https://www.fantasypros.com/nfl/players/demond-claiborne.php,6,16.3,1.4,4,,253.48,156,358,41.12,12,,,27.66,121.5,0.89,3.25,25.21,0.09,,,,,,,,,,,2026-07-27
270,270,Mason Taylor,NYJ,TE,TE34,97.71,26005,https://www.fantasypros.com/nfl/players/mason-taylor.php,13,17.2,0.7,3,,267.59,196,348,31.97,12,,,,,,44.51,390.83,2.38,,,,,,,,,,,2026-07-27
271,271,Chris Brazzell II,CAR,WR,WR100,60.82,28047,https://www.fantasypros.com/nfl/players/chris-brazzell-ii.php,5,14.5,1.1,2,,257.74,168,325,29.87,12,,,,,,22.47,287.85,1.67,,,,,,,,,,,2026-07-27
272,272,Jordan James,SF,RB,RB76,93.36,27310,https://www.fantasypros.com/nfl/players/jordan-james.php,8,15.5,2.9,5,,266.57,157,402,42.55,12,,,102.31,416.55,3.17,16.12,148.34,0.68,,,,,,,,,,,2026-07-27
273,273,Chris Brooks,GB,RB,RB77,66.9,25823,https://www.fantasypros.com/nfl/players/christopher-brooks.php,11,9.4,0.9,3,,258.83,156,317,35.13,12,,,72.7,323.2,1.31,15.37,107.58,0.29,,,,,,,,,,,2026-07-27
274,274,Wil Lutz,DEN,K,K16,128.36,16026,https://www.fantasypros.com/nfl/players/wil-lutz.php,10,7.9,3.5,6,,271.66,215,333,28.39,12,,,,,,,,,33.67,28.99,41.4,,,,,,,,2026-07-27
275,275,Michael Penix Jr.,ATL,QB,QB32,83.49,22973,https://www.fantasypros.com/nfl/players/michael-penix-jr.php,11,17.7,1,5,,277.02,179,348,32.99,12,1350.05,7.16,13.45,46.91,0.3,,,,,,,,,,,,,,2026-07-27
276,276,Xavier Legette,CAR,WR,WR101,70.7,26136,https://www.fantasypros.com/nfl/players/xavier-legette.php,5,3.2,1.1,1,,257.18,191,328,33.55,12,,,,,,26.63,308.11,2.06,,,,,,,,,,,2026-07-27
277,277,LeQuint Allen Jr.,JAC,RB,RB78,45.77,27285,https://www.fantasypros.com/nfl/players/lequint-allen-jr.php,7,7.6,0.7,1,,265.80,189,338,30.29,12,,,8.04,33.92,0.19,21.68,148.01,0.84,,,,,,,,,,,2026-07-27
278,278,George Holani,SEA,RB,RB79,41.13,22915,https://www.fantasypros.com/nfl/players/george-holani.php,11,8.5,5.5,3,,266.10,164,394,43.94,12,,,38.86,164.16,1.53,8.01,62.21,0.28,,,,,,,,,,,2026-07-27
279,279,Theo Johnson,NYG,TE,TE35,76.37,23104,https://www.fantasypros.com/nfl/players/theo-johnson.php,8,16.6,0.9,2,,271.75,181,360,32.78,12,,,,,,27.67,315.38,2.88,,,,,,,,,,,2026-07-27
280,280,Tyquan Thornton,KC,WR,WR102,92.58,22913,https://www.fantasypros.com/nfl/players/tyquan-thornton.php,5,6.4,0.6,1,,272.13,185,338,30.31,12,,,,,,25.39,465.93,3.47,,,,,,,,,,,2026-07-27
281,281,Devaughn Vele,NO,WR,WR103,94.15,26409,https://www.fantasypros.com/nfl/players/devaughn-vele.php,8,8.9,0.9,1,,269.78,198,366,26.98,12,,,,,,35.07,422.75,2.84,,,,,,,,,,,2026-07-27
282,282,Kaleb Johnson,PIT,RB,RB80,4.84,27165,https://www.fantasypros.com/nfl/players/kaleb-johnson-rb.php,9,11.4,0.9,3,,267.84,152,358,42.96,12,,,8.57,35.78,0.22,0,0,0,,,,,,,,,,,2026-07-27
283,283,Samaje Perine,CIN,RB,RB81,96.16,16423,https://www.fantasypros.com/nfl/players/samaje-perine.php,6,5,1.9,2,,272.53,152,415,44.95,12,,,98.89,443.25,3.68,17.88,135.11,0.37,,,,,,,,,,,2026-07-27
284,284,Will Reichard,MIN,K,K17,129.66,26341,https://www.fantasypros.com/nfl/players/will-reichard.php,6,27.6,30.3,15,,258.64,200,333,34.10,12,,,,,,,,,33.84,30.56,37.97,,,,,,,,2026-07-27
285,285,Atlanta Falcons,ATL,D/ST,DST17,104.29,8010,https://www.fantasypros.com/nfl/players/atlanta-defense.php,11,12.9,22.6,5,,264.65,191,354,34.64,12,,,,,,,,,,,,48.24,12.28,2.28,0.5,13.29,8.39,0,2026-07-27
286,286,Kyle Williams,NE,WR,WR104,22.05,27487,https://www.fantasypros.com/nfl/players/kyle-williams-wr-2025.php,11,8,0.6,1,,265.55,199,391,41.79,12,,,,,,6.43,91.46,0.55,,,,,,,,,,,2026-07-27
287,287,Malik Davis,DAL,RB,RB82,65.69,24205,https://www.fantasypros.com/nfl/players/malik-davis.php,14,5.2,0.7,1,,276.15,169,329,31.61,12,,,79.62,373.1,2.71,6.58,52.29,0.08,,,,,,,,,,,2026-07-27
288,288,Shedeur Sanders,CLE,QB,QB33,108.85,25968,https://www.fantasypros.com/nfl/players/shedeur-sanders.php,11,19.1,2.4,5,,289.30,176,349,35.50,12,1581.74,8.71,24.39,143.76,0.87,,,,,,,,,,,,,,2026-07-27
289,289,Oscar Delp,NO,TE,TE36,18.72,25430,https://www.fantasypros.com/nfl/players/oscar-delp.php,8,6.4,0.4,1,,298.84,236,375,33.21,12,,,,,,7.46,75.73,0.62,,,,,,,,,,,2026-07-27
290,290,San Francisco 49ers,SF,D/ST,DST18,88.14,8270,https://www.fantasypros.com/nfl/players/san-francisco-defense.php,8,27.6,29.4,10,,256.73,190,356,31.41,12,,,,,,,,,,,,35.86,11.08,1.9,0,15.48,9.36,0,2026-07-27
291,291,Keenan Allen,LAC,WR,WR105,,11616,https://www.fantasypros.com/nfl/players/keenan-allen.php,7,10.2,0.7,2,,267.54,194,298,26.45,12,,,,,,,,,,,,,,,,,,,2026-07-27
292,292,Hollywood Brown,PHI,WR,WR106,89.63,18226,https://www.fantasypros.com/nfl/players/marquise-brown.php,10,5.7,0.8,2,,281.56,205,350,25.86,12,,,,,,31.31,389.52,3.26,,,,,,,,,,,2026-07-27
293,293,Mack Hollins,NE,WR,WR107,28,16489,https://www.fantasypros.com/nfl/players/mack-hollins.php,11,2.9,0.4,1,,271.28,180,376,46.54,12,,,,,,10.77,126.66,0.79,,,,,,,,,,,2026-07-27
294,294,Kendre Miller,NO,RB,RB83,40.62,24360,https://www.fantasypros.com/nfl/players/kendre-miller.php,8,5.6,0.3,1,,280.09,164,364,46.63,12,,,52.44,209.82,2.15,4,28,0,,,,,,,,,,,2026-07-27
295,295,Brashard Smith,KC,RB,RB84,32.5,27259,https://www.fantasypros.com/nfl/players/brashard-smith.php,5,6.5,0.6,1,,277.06,231,320,25.12,12,,,25,89,0.5,10.5,71,0.5,,,,,,,,,,,2026-07-27
296,296,Emari Demercado,KC,RB,RB85,82.5,25654,https://www.fantasypros.com/nfl/players/emari-demercado.php,5,3.5,0.6,1,,289.66,169,383,36.23,12,,,76.79,425.87,1.7,16.34,118.99,0.81,,,,,,,,,,,2026-07-27
297,297,Devin Singletary,NYG,RB,RB86,27.25,18280,https://www.fantasypros.com/nfl/players/devin-singletary.php,8,1.8,0.6,1,,291.88,238,330,19.01,12,,,35.62,142.64,0.98,4.21,26.34,0.09,,,,,,,,,,,2026-07-27
298,298,Kaelon Black,SF,RB,RB87,75.62,28401,https://www.fantasypros.com/nfl/players/kaelon-black.php,8,12.9,2.4,4,,280.04,187,338,35.93,12,,,98.12,387.61,3.17,8.56,79.37,0.6,,,,,,,,,,,2026-07-27
299,299,Deshaun Watson,CLE,QB,QB34,136.32,16398,https://www.fantasypros.com/nfl/players/deshaun-watson.php,11,16.9,1.4,3,,289.89,214,351,29.14,12,2023.16,10.44,44.67,197.29,1.32,,,,,,,,,,,,,,2026-07-27
300,300,Mike Gesicki,CIN,TE,TE37,113.12,17272,https://www.fantasypros.com/nfl/players/mike-gesicki.php,6,14.7,1.8,2,,267.92,226,345,22.62,12,,,,,,44.05,461.1,3.86,,,,,,,,,,,2026-07-27
301,301,Jerome Ford,WAS,RB,RB88,19.05,22921,https://www.fantasypros.com/nfl/players/jerome-ford.php,7,3.4,0.3,1,,281.52,191,318,32.51,12,,,17.5,97,0.5,4,23.5,0,,,,,,,,,,,2026-07-27
302,302,Kirk Cousins,LV,QB,QB35,47.23,11177,https://www.fantasypros.com/nfl/players/kirk-cousins.php,13,15.2,1.4,4,,297.79,179,350,30.38,12,783.55,5.05,5.24,9.03,0.09,,,,,,,,,,,,,,2026-07-27
303,303,Isaiah Bond,CLE,WR,WR108,18.54,24371,https://www.fantasypros.com/nfl/players/isaiah-bond.php,11,3.2,0.5,1,,287.00,231,371,29.65,12,,,,,,5.64,73.73,0.44,,,,,,,,,,,2026-07-27
304,304,Skyler Bell,BUF,WR,WR109,42.58,28126,https://www.fantasypros.com/nfl/players/skyler-bell.php,7,13.8,1.1,2,,282.94,217,374,36.87,12,,,,,,15.07,205.5,1.21,,,,,,,,,,,2026-07-27
305,305,Najee Harris,LAC,RB,RB89,22.4,19302,https://www.fantasypros.com/nfl/players/najee-harris-rb.php,7,9.6,0.4,2,,280.32,182,327,35.28,12,,,28,126,1,2,18,0,,,,,,,,,,,2026-07-27
306,306,Trevor Etienne,CAR,RB,RB90,29.69,25393,https://www.fantasypros.com/nfl/players/trevor-etienne.php,5,2,0.8,1,,305.47,243,365,20.11,12,,,24.81,105.62,0.59,8.15,59.2,0.3,,,,,,,,,,,2026-07-27
307,307,Tahj Brooks,CIN,RB,RB91,18.33,26212,https://www.fantasypros.com/nfl/players/tahj-brooks.php,6,1.9,0.4,1,,294.56,177,362,32.24,12,,,30.53,129.25,0.94,0,0,0,,,,,,,,,,,2026-07-27
308,308,New Orleans Saints,NO,D/ST,DST19,100.86,8190,https://www.fantasypros.com/nfl/players/new-orleans-defense.php,8,22.4,48.8,2,,270.51,186,356,39.48,12,,,,,,,,,,,,45.03,12.19,2.28,0,13.11,8.88,0,2026-07-27
309,309,Seth McGowan,IND,RB,RB92,23.17,23079,https://www.fantasypros.com/nfl/players/seth-mcgowan.php,13,3.4,0.6,1,,283.66,233,337,28.59,12,,,22.29,97.05,1.2,3.19,26.9,0.08,,,,,,,,,,,2026-07-27
310,310,Adam Randall,BAL,RB,RB93,66,24367,https://www.fantasypros.com/nfl/players/adam-randall.php,13,5.3,0.8,1,,292.88,222,330,27.63,12,,,55.13,281.54,1.96,10.31,103.39,1.1,,,,,,,,,,,2026-07-27
311,311,Charlie Smyth,NO,K,K18,122.82,26444,https://www.fantasypros.com/nfl/players/charlie-smyth.php,8,3.2,1.3,2,,279.71,212,366,38.66,12,,,,,,,,,35.01,29.55,34.18,,,,,,,,2026-07-27
312,312,Jaleel McLaughlin,DEN,RB,RB94,,25876,https://www.fantasypros.com/nfl/players/jaleel-mclaughlin.php,10,0.7,0.1,0,,287.07,189,337,30.52,12,,,,,,,,,,,,,,,,,,,2026-07-27
313,313,Isaac Guerendo,SF,RB,RB95,14.85,26392,https://www.fantasypros.com/nfl/players/isaac-guerendo.php,8,2.5,0.3,4,,292.60,201,383,35.08,12,,,16.5,80,0.5,2,18.5,0,,,,,,,,,,,2026-07-27
314,314,Andrei Iosivas,CIN,WR,WR110,88.99,25335,https://www.fantasypros.com/nfl/players/andrei-iosivas.php,6,7.1,0.6,2,,268.49,178,343,34.05,13,,,,,,31.15,393.65,2.89,,,,,,,,,,,2026-07-27
315,315,Ja'Kobi Lane,BAL,WR,WR111,96.47,27337,https://www.fantasypros.com/nfl/players/jakobi-lane.php,13,19.6,2.7,2,,290.73,230,362,25.48,13,,,,,,30.41,459.16,3.43,,,,,,,,,,,2026-07-27
316,316,Jarquez Hunter,LAR,RB,RB96,23.2,24335,https://www.fantasypros.com/nfl/players/jarquez-hunter.php,11,5.3,0.2,0,,308.88,234,340,19.74,13,,,32,148,1,1,14,0,,,,,,,,,,,2026-07-27
317,317,Jake Tonges,SF,TE,TE38,48.33,24778,https://www.fantasypros.com/nfl/players/jake-tonges.php,8,18.8,2.4,5,,288.38,229,355,25.76,13,,,,,,19.17,200.73,1.55,,,,,,,,,,,2026-07-27
318,318,Indianapolis Colts,IND,D/ST,DST20,94.17,8130,https://www.fantasypros.com/nfl/players/indianapolis-defense.php,13,19.3,38.9,3,,281.71,228,358,30.64,13,,,,,,,,,,,,39.3,12.96,1.93,0,12.14,8.68,0,2026-07-27
319,319,Audric Estime,NO,RB,RB97,23.6,23054,https://www.fantasypros.com/nfl/players/audric-estime.php,8,5.5,0.1,0,,305.21,243,371,24.86,13,,,30,122,1,3,24,0,,,,,,,,,,,2026-07-27
320,320,Will Shipley,PHI,RB,RB98,27.51,22930,https://www.fantasypros.com/nfl/players/will-shipley.php,10,1.9,0.5,1,,312.08,267,354,18.66,13,,,9.25,39.57,0.3,11.29,83.4,0.39,,,,,,,,,,,2026-07-27
321,321,Cedric Tillman,CLE,WR,WR112,61.87,25287,https://www.fantasypros.com/nfl/players/cedric-tillman.php,11,1.2,0.3,1,,300.25,251,387,29.01,13,,,,,,21.48,268.97,2.27,,,,,,,,,,,2026-07-27
322,322,Jalen Royals,KC,WR,WR113,45.94,27076,https://www.fantasypros.com/nfl/players/jalen-royals.php,5,2.2,0.3,1,,304.32,239,378,32.88,13,,,,,,17.05,198.67,1.56,,,,,,,,,,,2026-07-27
323,323,Joe Mixon,FA,RB,RB99,,16420,https://www.fantasypros.com/nfl/players/joe-mixon.php,,10.4,0.8,1,,290.76,152,349,48.80,13,,,,,,,,,,,,,,,,,,,2026-07-27
324,324,Darnell Washington,PIT,TE,TE39,73.89,22967,https://www.fantasypros.com/nfl/players/darnell-washington.php,9,12.5,1.5,2,,292.52,244,390,31.69,13,,,,,,30.65,327.7,1.96,,,,,,,,,,,2026-07-27
325,325,Konata Mumpfield,LAR,WR,WR114,29.23,27449,https://www.fantasypros.com/nfl/players/konata-mumpfield.php,11,1.6,0.2,0,,289.88,230,350,31.92,13,,,,,,9.87,126.63,1.15,,,,,,,,,,,2026-07-27
326,326,Luke McCaffrey,WAS,WR,WR115,42.9,26328,https://www.fantasypros.com/nfl/players/luke-mccaffrey.php,7,1.6,0.3,1,,304.53,208,368,33.22,13,,,,,,12,189,2,,,,,,,,,,,2026-07-27
327,327,Chicago Bears,CHI,D/ST,DST21,102.48,8050,https://www.fantasypros.com/nfl/players/chicago-defense.php,10,15.3,20.9,8,,272.18,194,339,41.15,13,,,,,,,,,,,,39.9,14.02,2.1,0,16.67,10.99,1,2026-07-27
328,328,J.J. McCarthy,MIN,QB,QB36,22.48,23018,https://www.fantasypros.com/nfl/players/jj-mccarthy.php,6,14.6,1.2,3,,311.73,153,366,43.32,13,340.24,1.78,5.95,26.95,0.21,,,,,,,,,,,,,,2026-07-27
329,329,Tez Johnson,TB,WR,WR116,21.39,27147,https://www.fantasypros.com/nfl/players/tez-johnson.php,10,2.4,0.4,1,,302.56,231,358,30.43,13,,,,,,6.66,77.49,0.6,,,,,,,,,,,2026-07-27
330,330,Calvin Austin III,NYG,WR,WR117,61.26,23739,https://www.fantasypros.com/nfl/players/calvin-austin.php,8,2.4,0.4,1,,303.19,238,412,43.58,13,,,,,,20.51,273.74,2.25,,,,,,,,,,,2026-07-27
331,331,Kareem Hunt,FA,RB,RB100,,16425,https://www.fantasypros.com/nfl/players/kareem-hunt.php,,1.3,0.3,1,,315.09,275,423,23.62,13,,,,,,,,,,,,,,,,,,,2026-07-27
332,332,Joshua Palmer,BUF,WR,WR118,69.24,22845,https://www.fantasypros.com/nfl/players/josh-palmer.php,7,1.3,0.3,1,,286.28,180,374,51.78,13,,,,,,25.95,337.25,1.62,,,,,,,,,,,2026-07-27
333,333,Olamide Zaccheaus,ATL,WR,WR119,73.62,18864,https://www.fantasypros.com/nfl/players/olamide-zaccheaus.php,11,5.1,0.3,0,,304.07,232,354,32.04,13,,,,,,31.93,295.61,1.9,,,,,,,,,,,2026-07-27
334,334,Jalen Tolbert,MIA,WR,WR120,89.49,23770,https://www.fantasypros.com/nfl/players/jalen-tolbert.php,6,4.8,0.9,1,,294.00,206,389,53.86,13,,,,,,35.42,441.66,1.76,,,,,,,,,,,2026-07-27
335,335,Tyler Higbee,LAR,TE,TE40,71.18,15623,https://www.fantasypros.com/nfl/players/tyler-higbee.php,11,3.1,0.5,2,,307.59,249,367,33.19,13,,,,,,26.1,306.44,2.42,,,,,,,,,,,2026-07-27
336,336,DeMario Douglas,NE,WR,WR121,61.29,25304,https://www.fantasypros.com/nfl/players/demario-douglas.php,11,5.5,0.5,1,,313.04,217,425,45.29,13,,,,,,22.73,271.01,1.5,,,,,,,,,,,2026-07-27
337,337,Caleb Douglas,MIA,WR,WR122,87.76,28135,https://www.fantasypros.com/nfl/players/caleb-douglas.php,6,4.4,1.2,1,,306.27,214,391,43.29,13,,,,,,33.11,418.95,2.26,,,,,,,,,,,2026-07-27
338,338,Jahan Dotson,ATL,WR,WR123,83.79,23101,https://www.fantasypros.com/nfl/players/jahan-dotson.php,11,4,0.5,1,,286.59,184,364,48.70,13,,,,,,31.91,401,2.04,,,,,,,,,,,2026-07-27
339,339,Max Klare,LAR,TE,TE41,19.82,27993,https://www.fantasypros.com/nfl/players/max-klare.php,11,11.3,0.5,1,,304.24,268,349,21.47,13,,,,,,7.51,82.57,0.68,,,,,,,,,,,2026-07-27
340,340,Carolina Panthers,CAR,D/ST,DST22,86.24,8040,https://www.fantasypros.com/nfl/players/carolina-defense.php,5,6.3,6.1,2,,297.78,220,368,44.19,13,,,,,,,,,,,,38.21,11.61,1.79,0,10.46,7.05,0,2026-07-27
341,341,Michael Mayer,LV,TE,TE42,90.09,23056,https://www.fantasypros.com/nfl/players/michael-mayer.php,13,11.5,0.8,1,,310.04,268,365,29.32,13,,,,,,39.95,377.49,2.11,,,,,,,,,,,2026-07-27
342,342,Elijah Arroyo,SEA,TE,TE43,58.35,23004,https://www.fantasypros.com/nfl/players/elijah-arroyo.php,11,7.3,0.7,1,,314.27,254,361,26.95,13,,,,,,23.55,240.05,1.86,,,,,,,,,,,2026-07-27
343,343,Noah Gray,KC,TE,TE44,50.84,19539,https://www.fantasypros.com/nfl/players/noah-gray.php,5,4.4,0.4,1,,315.15,259,364,27.83,13,,,,,,21.02,211.29,1.47,,,,,,,,,,,2026-07-27
344,344,Mac Jones,SF,QB,QB37,10.54,20156,https://www.fantasypros.com/nfl/players/mac-jones.php,8,12.1,0.5,2,,333.42,257,445,36.81,13,160.23,0.98,2.65,8.41,0,,,,,,,,,,,,,,2026-07-27
345,345,Dont'e Thornton Jr.,LV,WR,WR124,32.31,27288,https://www.fantasypros.com/nfl/players/donte-thornton-jr.php,13,1.8,0.3,1,,316.75,262,379,39.01,13,,,,,,12.12,167.73,0.61,,,,,,,,,,,2026-07-27
346,346,Bam Knight,ARI,RB,RB101,0,24901,https://www.fantasypros.com/nfl/players/zonovan-bam-knight.php,14,0.7,0.2,0,,304.76,251,372,29.09,13,,,0,0,0,0,0,0,,,,,,,,,,,2026-07-27
347,347,Carson Beck,ARI,QB,QB38,23.1,22953,https://www.fantasypros.com/nfl/players/carson-beck.php,14,12.3,1.1,2,,327.77,274,359,21.46,13,337.81,2.17,5.18,20.08,0.09,,,,,,,,,,,,,,2026-07-27
348,348,Eli Heidenreich,PIT,RB,RB102,,28297,https://www.fantasypros.com/nfl/players/eli-heidenreich.php,9,2,0.4,1,,307.29,231,374,35.32,13,,,,,,,,,,,,,,,,,,,2026-07-27
349,349,Treylon Burks,WAS,WR,WR125,44.78,22905,https://www.fantasypros.com/nfl/players/treylon-burks.php,7,3.6,0.2,0,,312.71,230,397,47.93,13,,,,,,15.75,215.53,1.29,,,,,,,,,,,2026-07-27
350,350,Cole Kmet,CHI,TE,TE45,66.25,19229,https://www.fantasypros.com/nfl/players/cole-kmet.php,10,7.3,0.8,1,,323.04,262,384,29.37,13,,,,,,25.9,271.38,2.22,,,,,,,,,,,2026-07-27
351,351,Ja'Tavion Sanders,CAR,TE,TE46,67.56,24334,https://www.fantasypros.com/nfl/players/jatavion-sanders.php,5,5.2,0.6,1,,315.67,264,402,30.81,13,,,,,,29.27,263.85,2.03,,,,,,,,,,,2026-07-27
352,352,Kendrick Bourne,ARI,WR,WR126,50.26,17066,https://www.fantasypros.com/nfl/players/kendrick-bourne.php,14,3.2,0.3,1,,305.17,224,448,63.49,13,,,,,,22.73,239.7,0.67,,,,,,,,,,,2026-07-27
353,353,Justin Fields,KC,QB,QB39,12.04,19781,https://www.fantasypros.com/nfl/players/justin-fields.php,5,11.1,0.9,2,,340.50,290,392,24.20,13,175.08,0.97,3.59,18.43,0.05,,,,,,,,,,,,,,2026-07-27
354,354,Xavier Hutchinson,HOU,WR,WR127,68.15,25332,https://www.fantasypros.com/nfl/players/xavier-hutchinson.php,8,1.6,0.2,0,,318.50,269,379,28.94,13,,,,,,24.79,300.82,1.97,,,,,,,,,,,2026-07-27
355,355,Anthony Richardson Sr.,IND,QB,QB40,20.96,24347,https://www.fantasypros.com/nfl/players/anthony-richardson.php,13,11.1,0.5,1,,334.70,303,381,19.96,14,254,2,9,38,0,,,,,,,,,,,,,,2026-07-27
356,356,Bryce Lance,NO,WR,WR128,42.04,28129,https://www.fantasypros.com/nfl/players/bryce-lance.php,8,4,0.4,1,,304.82,224,387,45.69,14,,,,,,16.37,204.28,0.93,,,,,,,,,,,2026-07-27
357,357,Ty Simpson,LAR,QB,QB41,23.4,25368,https://www.fantasypros.com/nfl/players/ty-simpson.php,11,15.3,0.9,2,,337.04,282,380,23.82,14,298.19,2.6,4.05,18.42,0.03,,,,,,,,,,,,,,2026-07-27
358,358,Brenen Thompson,LAC,WR,WR129,27.32,28133,https://www.fantasypros.com/nfl/players/brenen-thompson.php,7,3.8,0.3,1,,318.44,241,397,49.43,14,,,,,,9.54,120.85,0.7,,,,,,,,,,,2026-07-27
359,359,Jake Elliott,PHI,K,K19,119.8,16540,https://www.fantasypros.com/nfl/players/jake-elliott.php,10,10,6.2,9,,299.40,199,384,49.12,14,,,,,,,,,31.83,26.05,41.66,,,,,,,,2026-07-27
360,360,Dallas Cowboys,DAL,D/ST,DST23,90.57,8080,https://www.fantasypros.com/nfl/players/dallas-defense.php,14,20.9,28.2,12,,281.38,186,367,59.16,14,,,,,,,,,,,,41.63,10.39,1.87,0,13.24,8.48,1,2026-07-27
361,361,Jaylin Lane,WAS,WR,WR130,61.22,27454,https://www.fantasypros.com/nfl/players/jaylin-lane.php,7,3.3,0.3,0,,334.57,289,399,34.90,14,,,,,,22.79,280.94,1.8,,,,,,,,,,,2026-07-27
362,362,Dawson Knox,BUF,TE,TE47,78.94,18631,https://www.fantasypros.com/nfl/players/dawson-knox.php,7,7.4,0.8,1,,325.63,274,418,35.49,14,,,,,,28.65,328.7,2.92,,,,,,,,,,,2026-07-27
363,363,Michael Carter,TEN,RB,RB103,,22728,https://www.fantasypros.com/nfl/players/michael-carter-rb.php,9,0.7,0.2,0,,333.95,294,417,32.23,14,,,,,,,,,,,,,,,,,,,2026-07-27
364,364,John Metchie III,CAR,WR,WR131,162.7,22895,https://www.fantasypros.com/nfl/players/john-metchie.php,5,1.8,0.2,0,,325.59,264,418,44.24,14,,,,,,65,617,6,,,,,,,,,,,2026-07-27
365,365,Raheim Sanders,CLE,RB,RB104,,24351,https://www.fantasypros.com/nfl/players/raheim-sanders.php,11,0.6,0.1,0,,314.00,271,385,29.62,14,,,,,,,,,,,,,,,,,,,2026-07-27
366,366,Tutu Atwell,MIA,WR,WR132,53.35,20126,https://www.fantasypros.com/nfl/players/tutu-atwell.php,6,2,0.4,1,,329.18,239,426,50.51,14,,,,,,20.37,291.67,0.45,,,,,,,,,,,2026-07-27
367,367,Nick Chubb,FA,RB,RB105,,17246,https://www.fantasypros.com/nfl/players/nick-chubb.php,,1.4,0.3,1,,325.63,219,404,39.20,14,,,,,,,,,,,,,,,,,,,2026-07-27
368,368,New York Giants,NYG,D/ST,DST24,91.85,8200,https://www.fantasypros.com/nfl/players/new-york-giants-defense.php,8,24.2,32.9,5,,272.00,194,388,59.48,14,,,,,,,,,,,,40.53,10.8,2.02,0,12.91,8.8,1,2026-07-27
369,369,Justin Joly,DEN,TE,TE48,28.5,28079,https://www.fantasypros.com/nfl/players/justin-joly.php,10,11,0.3,0,,334.00,274,382,31.87,14,,,,,,12,105,1,,,,,,,,,,,2026-07-27
370,370,Zane Gonzalez,MIA,K,K20,115.43,16548,https://www.fantasypros.com/nfl/players/zane-gonzalez.php,6,1.7,0.6,1,,316.29,238,409,42.64,14,,,,,,,,,32.61,28.3,30.53,,,,,,,,2026-07-27
371,371,Jawhar Jordan,HOU,RB,RB106,50.26,26329,https://www.fantasypros.com/nfl/players/jawhar-jordan.php,8,0.8,0.1,0,,328.93,285,411,37.15,14,,,51.31,218.47,1.13,11,87,0.5,,,,,,,,,,,2026-07-27
372,372,Tyler Bass,BUF,K,K21,123.53,19760,https://www.fantasypros.com/nfl/players/tyler-bass.php,7,9.8,1.5,6,,277.44,213,411,56.22,14,,,,,,,,,30.53,25.61,46.7,,,,,,,,2026-07-27
373,373,Noah Fant,NO,TE,TE49,65.73,17527,https://www.fantasypros.com/nfl/players/noah-fant.php,8,1.8,0.3,1,,339.94,281,386,25.79,14,,,,,,30.42,284.95,1.66,,,,,,,,,,,2026-07-27
374,374,J'Mari Taylor,JAC,RB,RB107,,28109,https://www.fantasypros.com/nfl/players/jmari-taylor.php,7,3.9,0,0,,329.79,306,361,19.19,14,,,,,,,,,,,,,,,,,,,2026-07-27
375,375,Tampa Bay Buccaneers,TB,D/ST,DST25,97.2,8290,https://www.fantasypros.com/nfl/players/tampa-bay-defense.php,10,22.8,36.6,3,,294.90,235,366,48.16,14,,,,,,,,,,,,40.96,11.72,1.95,0.5,13.46,10.05,0,2026-07-27
376,376,Kevin Coleman Jr.,MIA,WR,WR133,51.76,28067,https://www.fantasypros.com/nfl/players/kevin-coleman-jr.php,6,2.6,0.3,0,,325.62,247,422,53.81,14,,,,,,21.13,270.52,0.67,,,,,,,,,,,2026-07-27
377,377,Savion Williams,GB,WR,WR134,69.04,27144,https://www.fantasypros.com/nfl/players/savion-williams.php,11,1.7,0.7,0,,341.20,291,446,41.83,14,,,,,,23.92,272.03,1.99,,,,,,,,,,,2026-07-27
378,378,Cincinnati Bengals,CIN,D/ST,DST26,99.41,8060,https://www.fantasypros.com/nfl/players/cincinnati-defense.php,6,5,3.5,2,,251.86,206,357,46.12,14,,,,,,,,,,,,41.06,13.09,2.11,0,13.36,9.77,1,2026-07-27
379,379,Erick All Jr.,CIN,TE,TE50,58.53,23837,https://www.fantasypros.com/nfl/players/erick-all.php,6,1.8,0.2,0,,323.08,268,413,46.14,14,,,,,,26.13,228.31,1.62,,,,,,,,,,,2026-07-27
380,380,Eli Raridon,NE,TE,TE51,46.51,28154,https://www.fantasypros.com/nfl/players/eli-raridon.php,11,5.1,0.5,1,,344.80,268,449,46.01,14,,,,,,18.78,195.8,1.55,,,,,,,,,,,2026-07-27
381,381,Kalif Raymond,CHI,WR,WR135,46.45,16081,https://www.fantasypros.com/nfl/players/kalif-raymond.php,10,1.1,0.3,0,,318.00,232,406,45.75,14,,,,,,19.17,186.86,0.9,,,,,,,,,,,2026-07-27
382,382,KaVontae Turpin,DAL,WR,WR136,63.68,18520,https://www.fantasypros.com/nfl/players/kavontae-turpin.php,14,5.3,0.8,3,,309.22,220,435,65.11,14,,,,,,18.24,230.3,1.72,,,,,,,,,,,2026-07-27
383,383,Kyle Juszczyk,SF,RB,RB108,55.12,11798,https://www.fantasypros.com/nfl/players/kyle-juszczyk.php,8,1.4,0.8,0,,279.86,192,354,61.61,14,,,4.21,10.3,0.08,23.8,209.53,1.5,,,,,,,,,,,2026-07-27
384,384,John Bates,WAS,TE,TE52,43.92,22833,https://www.fantasypros.com/nfl/players/john-bates.php,7,0.6,0.1,0,,312.89,268,431,49.03,14,,,,,,18.4,173.7,1.55,,,,,,,,,,,2026-07-27
385,385,Nick Westbrook-Ikhine,IND,WR,WR137,95.13,19747,https://www.fantasypros.com/nfl/players/nick-westbrook.php,13,1.7,0.5,0,,328.20,267,412,51.51,14,,,,,,34.26,432.69,3.03,,,,,,,,,,,2026-07-27
386,386,Tennessee Titans,TEN,D/ST,DST27,95.39,8300,https://www.fantasypros.com/nfl/players/tennessee-defense.php,9,13,11.9,4,,237.80,151,358,69.72,14,,,,,,,,,,,,44.8,10.03,2.08,0.5,13.04,8.52,1,2026-07-27
387,387,Blake Grupe,IND,K,K22,73.94,25533,https://www.fantasypros.com/nfl/players/blake-grupe.php,13,2.4,1.1,1,,258.40,197,356,56.08,14,,,,,,,,,22.48,18.85,17.39,,,,,,,,2026-07-27
388,388,Nick Folk,ATL,K,K23,128.52,9491,https://www.fantasypros.com/nfl/players/nick-folk.php,11,6.5,3.8,4,,261.00,213,368,54.71,14,,,,,,,,,32.82,30.01,38.49,,,,,,,,2026-07-27
389,389,Luke Musgrave,GB,TE,TE53,52.59,25282,https://www.fantasypros.com/nfl/players/luke-musgrave.php,11,7,0.3,0,,357.17,324,382,16.33,14,,,,,,22.99,223.1,1.23,,,,,,,,,,,2026-07-27
390,390,Miami Dolphins,MIA,D/ST,DST28,90.5,8160,https://www.fantasypros.com/nfl/players/miami-defense.php,6,9.5,14.5,1,,327.38,274,394,34.92,14,,,,,,,,,,,,42.24,10.15,1.63,0,13.8,9.08,0,2026-07-27
391,391,Phil Mafah,DAL,RB,RB109,27.6,22928,https://www.fantasypros.com/nfl/players/phil-mafah.php,14,1.2,0.1,1,,327.50,292,401,31.97,14,,,32,142,1,4,34,0,,,,,,,,,,,2026-07-27
392,392,Zavion Thomas,CHI,WR,WR138,34.88,28132,https://www.fantasypros.com/nfl/players/zavion-thomas.php,10,5.1,0.5,1,,331.88,225,443,61.63,14,,,,,,12.47,153.52,1.22,,,,,,,,,,,2026-07-27
393,393,Dyami Brown,WAS,WR,WR139,84.86,20113,https://www.fantasypros.com/nfl/players/dyami-brown.php,7,1,0.5,0,,336.25,285,457,51.33,14,,,,,,29.88,394.55,2.7,,,,,,,,,,,2026-07-27
394,394,Devontez Walker,BAL,WR,WR140,35,26011,https://www.fantasypros.com/nfl/players/devontez-walker.php,13,1.2,0.2,0,,308.83,245,453,68.16,14,,,,,,11.58,166.38,1.17,,,,,,,,,,,2026-07-27
395,395,Cyrus Allen,KC,WR,WR141,17.27,28424,https://www.fantasypros.com/nfl/players/cyrus-allen.php,5,3.4,0.3,0,,336.38,258,440,57.81,14,,,,,,6.44,79.71,0.5,,,,,,,,,,,2026-07-27
396,396,Tommy Tremble,CAR,TE,TE54,63.42,22795,https://www.fantasypros.com/nfl/players/tommy-tremble.php,5,1.3,0.3,0,,343.44,281,405,38.06,14,,,,,,26.52,253.05,1.97,,,,,,,,,,,2026-07-27
397,397,Ryan Fitzgerald,CAR,K,K24,106.95,27261,https://www.fantasypros.com/nfl/players/ryan-fitzgerald.php,5,2.2,0.7,1,,283.40,184,410,90.20,14,,,,,,,,,29.82,25.51,30.43,,,,,,,,2026-07-27
398,398,Dameon Pierce,PHI,RB,RB110,22.1,22947,https://www.fantasypros.com/nfl/players/dameon-pierce.php,10,0.8,0.1,0,,335.38,314,379,22.41,14,,,35,161,1,0,0,0,,,,,,,,,,,2026-07-27
399,399,Darren Waller,FA,TE,TE55,25,14104,https://www.fantasypros.com/nfl/players/darren-waller.php,,2.4,0.1,1,,336.00,281,369,25.40,14,,,,,,9,100,1,,,,,,,,,,,2026-07-27
400,400,Jordan Whittington,LAR,WR,WR142,41.12,23135,https://www.fantasypros.com/nfl/players/jordan-whittington.php,11,1.1,0.3,0,,348.44,265,444,57.02,14,,,,,,15.02,171.87,1.22,,,,,,,,,,,2026-07-27
401,401,Trey Smack,GB,K,K25,125.4,28507,https://www.fantasypros.com/nfl/players/trey-smack.php,11,6.5,5.4,2,,287.80,215,375,59.14,14,,,,,,,,,34.13,28.59,39.62,,,,,,,,2026-07-27
402,402,Spencer Shrader,IND,K,K26,76.5,26763,https://www.fantasypros.com/nfl/players/spencer-shrader.php,13,1.2,0.2,1,,255.50,215,282,28.29,14,,,,,,,,,19.5,17,25.5,,,,,,,,2026-07-27
403,403,Deion Burks,IND,WR,WR143,,27093,https://www.fantasypros.com/nfl/players/deion-burks.php,13,2.1,0.1,0,,356.11,292,456,46.09,14,,,,,,,,,,,,,,,,,,,2026-07-27
404,404,Joe Milton III,DAL,QB,QB42,12.17,25967,https://www.fantasypros.com/nfl/players/joe-milton.php,14,3.9,0.3,0,,335.00,310,388,25.29,14,172.46,1.05,3.45,16.3,0.02,,,,,,,,,,,,,,2026-07-27
405,405,Ben Sauls,NYG,K,K27,58.5,27798,https://www.fantasypros.com/nfl/players/ben-sauls.php,8,1.4,0.6,0,,312.60,212,455,88.41,14,,,,,,,,,18.67,15.33,12.5,,,,,,,,2026-07-27
406,406,Tommy Myers,FA,TE,TE56,,25167,https://www.fantasypros.com/nfl/players/tommy-myers.php,,0,0,0,,307.80,254,427,61.67,14,,,,,,,,,,,,,,,,,,,2026-07-27
407,407,Rasheen Ali,BAL,RB,RB111,0,25983,https://www.fantasypros.com/nfl/players/rasheen-ali.php,13,2,0.2,0,,313.60,275,356,28.61,14,,,0,0,0,0,0,0,,,,,,,,,,,2026-07-27
408,408,Washington Commanders,WAS,D/ST,DST29,94.29,8310,https://www.fantasypros.com/nfl/players/washington-defense.php,7,17.3,13.8,2,,314.80,190,404,74.11,14,,,,,,,,,,,,43.68,9.74,2.05,0.5,13.52,8.93,1,2026-07-27
409,409,Austin Ekeler,FA,RB,RB112,33.2,16483,https://www.fantasypros.com/nfl/players/austin-ekeler.php,,1.7,0.2,0,,347.29,275,393,38.78,14,,,35,150,1,6,62,0,,,,,,,,,,,2026-07-27
410,410,Joe Flacco,CIN,QB,QB43,10.31,9300,https://www.fantasypros.com/nfl/players/joe-flacco.php,6,5.5,0.4,1,,357.63,330,388,17.69,14,169.18,1.16,2.2,8.59,0.01,,,,,,,,,,,,,,2026-07-27
411,411,Jameis Winston,NYG,QB,QB44,11.72,13891,https://www.fantasypros.com/nfl/players/jameis-winston.php,8,5.4,0.4,1,,358.00,331,398,22.29,14,194.81,1.31,2.58,10.89,0.01,,,,,,,,,,,,,,2026-07-27
412,412,Chad Ryland,ARI,K,K28,111.71,25354,https://www.fantasypros.com/nfl/players/chad-ryland.php,14,2.6,0.5,1,,321.60,187,395,72.35,14,,,,,,,,,33.09,26.63,31.82,,,,,,,,2026-07-27
413,413,Ben Sinnott,WAS,TE,TE57,31.69,26310,https://www.fantasypros.com/nfl/players/ben-sinnott.php,7,1.9,0.2,0,,359.50,321,385,23.91,14,,,,,,11.83,116.32,1.39,,,,,,,,,,,2026-07-27
414,414,Greg Dortch,DET,WR,WR144,14.14,18585,https://www.fantasypros.com/nfl/players/greg-dortch.php,6,1.3,0.2,1,,341.67,282,414,48.85,14,,,,,,4.1,39.81,0.27,,,,,,,,,,,2026-07-27
415,415,Marcus Mariota,WAS,QB,QB45,18.11,13890,https://www.fantasypros.com/nfl/players/marcus-mariota.php,7,5.6,0.3,1,,355.00,325,396,22.47,14,256.61,1.98,1.38,7.9,0.03,,,,,,,,,,,,,,2026-07-27
416,416,Sione Vaki,DET,RB,RB113,,26309,https://www.fantasypros.com/nfl/players/sione-vaki.php,6,0.6,0.1,0,,309.00,294,327,12.19,14,,,,,,,,,,,,,,,,,,,2026-07-27
417,417,Malik Benson,LV,WR,WR145,15.82,26012,https://www.fantasypros.com/nfl/players/malik-benson.php,13,1.5,0.1,0,,335.60,227,437,70.69,14,,,,,,6.4,79.36,0.27,,,,,,,,,,,2026-07-27
418,418,Jam Miller,NE,RB,RB114,26.1,27326,https://www.fantasypros.com/nfl/players/jam-miller.php,11,1.3,0.1,0,,348.17,304,379,24.29,14,,,34,156,1,2,25,0,,,,,,,,,,,2026-07-27
419,419,Terrell Jennings,NE,RB,RB115,,26964,https://www.fantasypros.com/nfl/players/terrell-jennings.php,11,0.6,0.1,0,,334.60,311,408,36.87,14,,,,,,,,,,,,,,,,,,,2026-07-27
420,420,CJ Daniels,LAR,WR,WR146,,28125,https://www.fantasypros.com/nfl/players/cj-daniels.php,11,1.9,0.2,0,,360.14,299,420,38.01,15,,,,,,,,,,,,,,,,,,,2026-07-27
421,421,Antonio Gibson,FA,RB,RB116,,19624,https://www.fantasypros.com/nfl/players/antonio-gibson.php,,1.3,0,0,,320.00,263,436,70.45,15,,,,,,,,,,,,,,,,,,,2026-07-27
422,422,Colbie Young,CIN,WR,WR147,9.72,26037,https://www.fantasypros.com/nfl/players/colbie-young.php,6,1.5,0.2,0,,336.80,302,388,31.06,15,,,,,,3.5,43.18,0.33,,,,,,,,,,,2026-07-27
423,423,Dylan Laube,LV,RB,RB117,0,26194,https://www.fantasypros.com/nfl/players/dylan-laube.php,13,0.6,0.1,0,,338.40,313,394,28.85,15,,,0,0,0,0,0,0,,,,,,,,,,,2026-07-27
424,424,Jeremy McNichols,WAS,RB,RB118,27.2,16445,https://www.fantasypros.com/nfl/players/jeremy-mcnichols.php,7,0.6,0.1,0,,318.25,234,370,51.52,15,,,17,88,1,7,54,0,,,,,,,,,,,2026-07-27
425,425,Roschon Johnson,CHI,RB,RB119,34.2,25322,https://www.fantasypros.com/nfl/players/roschon-johnson.php,10,0.6,0.2,0,,355.83,322,392,28.84,15,,,33,115,3,3,17,0,,,,,,,,,,,2026-07-27
426,426,Jonnu Smith,FA,TE,TE58,,16460,https://www.fantasypros.com/nfl/players/jonnu-smith.php,,2.9,0.1,1,,346.80,274,430,56.42,15,,,,,,,,,,,,,,,,,,,2026-07-27
427,427,Ashton Dulin,IND,WR,WR148,74.09,18656,https://www.fantasypros.com/nfl/players/ashton-dulin.php,13,0.6,0.1,0,,326.25,315,340,9.88,15,,,,,,22.51,378.36,1.47,,,,,,,,,,,2026-07-27
428,428,Zach Ertz,FA,TE,TE59,24.7,11689,https://www.fantasypros.com/nfl/players/zach-ertz.php,,1.6,0.2,1,,357.83,309,403,32.40,15,,,,,,9,97,1,,,,,,,,,,,2026-07-27
429,429,Joey Slye,TEN,K,K29,113.78,19028,https://www.fantasypros.com/nfl/players/joey-slye.php,9,2.5,0.5,1,,329.00,205,405,76.00,15,,,,,,,,,33.13,27.41,31.55,,,,,,,,2026-07-27
430,430,Daniel Bellinger,TEN,TE,TE60,51.95,24238,https://www.fantasypros.com/nfl/players/daniel-bellinger.php,9,3.2,0.1,0,,369.14,352,398,17.06,15,,,,,,19.34,222.33,1.75,,,,,,,,,,,2026-07-27
431,431,DeAndre Hopkins,BAL,WR,WR149,,11606,https://www.fantasypros.com/nfl/players/deandre-hopkins.php,13,0.6,0.2,0,23,313.67,220,452,99.84,15,,,,,,,,,,,,,,,,,,,2026-07-27
432,432,Jake Moody,WAS,K,K30,121.39,24009,https://www.fantasypros.com/nfl/players/jake-moody.php,7,2.4,0.7,1,,248.00,246,250,2.00,15,,,,,,,,,33.82,27.58,38.65,,,,,,,,2026-07-27
433,433,Las Vegas Raiders,LV,D/ST,DST30,89.94,8220,https://www.fantasypros.com/nfl/players/las-vegas-defense.php,13,10.4,12.6,3,,306.00,275,363,40.36,15,,,,,,,,,,,,40.82,10.23,1.82,0.5,13.97,8.37,0,2026-07-27
434,434,Jahdae Walker,CHI,WR,WR150,55.97,27810,https://www.fantasypros.com/nfl/players/jahdae-walker.php,10,0.9,0.2,0,,335.75,323,374,22.08,15,,,,,,17.09,225.77,2.67,,,,,,,,,,,2026-07-27
435,435,Marquez Valdes-Scantling,DAL,WR,WR151,,17528,https://www.fantasypros.com/nfl/players/marquez-valdesscantling.php,14,0.6,0.1,0,,314.00,205,432,92.89,15,,,,,,,,,,,,,,,,,,,2026-07-27
436,436,Charlie Kolar,LAC,TE,TE61,49.36,22756,https://www.fantasypros.com/nfl/players/charlie-kolar.php,7,2,0.1,0,,339.75,263,392,47.22,15,,,,,,17.78,205.15,1.85,,,,,,,,,,,2026-07-27
437,437,Drew Sample,CIN,TE,TE62,33.78,18561,https://www.fantasypros.com/nfl/players/drew-sample.php,6,0.6,0.1,0,,339.75,295,367,27.03,15,,,,,,15.14,123.09,1.08,,,,,,,,,,,2026-07-27
438,438,Tyler Lockett,LV,WR,WR152,,13971,https://www.fantasypros.com/nfl/players/tyler-lockett.php,13,0.6,0.1,0,,314.00,253,414,71.28,15,,,,,,,,,,,,,,,,,,,2026-07-27
439,439,Cade Klubnik,NYJ,QB,QB46,9.38,24361,https://www.fantasypros.com/nfl/players/cade-klubnik.php,13,6.7,0.3,1,,357.00,337,398,21.82,15,136.78,0.92,1.83,8.22,0.03,,,,,,,,,,,,,,2026-07-27
440,440,Elijah Higgins,ARI,TE,TE63,45.45,23119,https://www.fantasypros.com/nfl/players/elijah-higgins.php,14,1.5,0.2,0,,369.33,348,429,27.76,15,,,,,,21.94,196.22,0.84,,,,,,,,,,,2026-07-27
441,441,Odell Beckham Jr.,NYG,WR,WR153,37.67,12127,https://www.fantasypros.com/nfl/players/odell-beckham.php,8,5.1,3.7,1,,265.00,160,370,105.00,15,,,,,,14.26,175.86,0.95,,,,,,,,,,,2026-07-27
442,442,Elijah Moore,PHI,WR,WR154,,20114,https://www.fantasypros.com/nfl/players/elijah-moore.php,10,0.6,0.1,0,,320.33,265,396,55.38,15,,,,,,,,,,,,,,,,,,,2026-07-27
443,443,Damien Martinez,GB,RB,RB120,,25976,https://www.fantasypros.com/nfl/players/damien-martinez.php,11,0.6,0.1,0,,345.50,298,413,45.31,15,,,,,,,,,,,,,,,,,,,2026-07-27
444,444,Marlin Klein,HOU,TE,TE64,44.48,28157,https://www.fantasypros.com/nfl/players/marlin-klein.php,8,1.2,0.1,0,,363.00,350,395,16.72,15,,,,,,19.48,193.66,1.11,,,,,,,,,,,2026-07-27
445,445,Hunter Luepke,DAL,RB,RB121,24.99,25941,https://www.fantasypros.com/nfl/players/hunter-luepke.php,14,0.7,0.3,0,,325.67,294,366,30.03,15,,,13.27,56.06,0.44,8.63,61.74,0.35,,,,,,,,,,,2026-07-27
446,446,Gardner Minshew II,ARI,QB,QB47,9.72,18562,https://www.fantasypros.com/nfl/players/gardner-minshew.php,14,2.6,0.1,0,,351.00,317,370,21.51,15,147.91,0.82,2.45,9.28,0.02,,,,,,,,,,,,,,2026-07-27
447,447,Luke Schoonmaker,DAL,TE,TE65,31,25267,https://www.fantasypros.com/nfl/players/luke-schoonmaker.php,14,0.9,0.2,0,,367.00,336,383,17.05,15,,,,,,13.22,121.66,0.95,,,,,,,,,,,2026-07-27
448,448,Austin Hooper,ATL,TE,TE66,55.69,15581,https://www.fantasypros.com/nfl/players/austin-hooper.php,11,1.4,0.2,0,,367.40,336,395,20.58,15,,,,,,22.51,236.77,1.61,,,,,,,,,,,2026-07-27
449,449,Tim Patrick,NYJ,WR,WR155,,16556,https://www.fantasypros.com/nfl/players/tim-patrick.php,13,1,0.1,0,,290.50,265,316,25.50,15,,,,,,,,,,,,,,,,,,,2026-07-27
450,450,Roman Wilson,PIT,WR,WR156,,28896,https://www.fantasypros.com/nfl/players/roman-wilson-wr.php,9,0.8,0.2,0,,356.00,330,383,20.72,15,,,,,,,,,,,,,,,,,,,2026-07-27
451,451,Devonte Boyd,FA,WR,WR157,,17484,https://www.fantasypros.com/nfl/players/devonte-boyd.php,,0,0,0,,293.00,283,303,10.00,15,,,,,,,,,,,,,,,,,,,2026-07-27
452,452,Mitch Tinsley,CIN,WR,WR158,19.45,24370,https://www.fantasypros.com/nfl/players/mitchell-tinsley.php,6,0.6,0.1,0,,336.00,296,376,32.66,15,,,,,,6.57,84.04,0.77,,,,,,,,,,,2026-07-27
453,453,Brandin Cooks,FA,WR,WR159,,12122,https://www.fantasypros.com/nfl/players/brandin-cooks.php,,0.6,0.1,0,,296.00,284,308,12.00,15,,,,,,,,,,,,,,,,,,,2026-07-27
454,454,Brandon McManus,FA,K,K31,0,13274,https://www.fantasypros.com/nfl/players/brandon-mcmanus.php,,0.8,0.3,1,,299.50,203,396,96.50,15,,,,,,,,,0,0,0,,,,,,,,2026-07-27
455,455,Zavier Scott,MIN,RB,RB122,0,25748,https://www.fantasypros.com/nfl/players/zavier-scott.php,6,0.6,0.1,0,,340.33,330,353,9.53,15,,,0,0,0,0,0,0,,,,,,,,,,,2026-07-27
456,456,Josh Oliver,MIN,TE,TE67,52.06,18487,https://www.fantasypros.com/nfl/players/josh-oliver.php,6,0.7,0.2,0,,360.50,357,367,3.84,15,,,,,,18.55,193.91,2.38,,,,,,,,,,,2026-07-27
457,457,Jaret Patterson,LAC,RB,RB123,,20155,https://www.fantasypros.com/nfl/players/jaret-patterson.php,7,1.1,0,0,,361.50,338,387,23.54,15,,,,,,,,,,,,,,,,,,,2026-07-27
458,458,Daniel Carlson,LV,K,K32,,17420,https://www.fantasypros.com/nfl/players/daniel-carlson.php,13,0.6,0.1,0,,307.50,209,406,98.50,15,,,,,,,,,,,,,,,,,,,2026-07-27
459,459,Theo Wease Jr.,MIA,WR,WR160,145.3,27222,https://www.fantasypros.com/nfl/players/theo-wease-jr.php,6,2.3,0.1,0,,345.67,282,421,57.34,15,,,,,,48,685,5,,,,,,,,,,,2026-07-27
460,460,Xavier Restrepo,TEN,WR,WR161,,27066,https://www.fantasypros.com/nfl/players/xavier-restrepo.php,9,1.1,0,0,25,308.50,286,331,22.50,15,,,,,,,,,,,,,,,,,,,2026-07-27
461,461,Tai Felton,MIN,WR,WR162,8.78,27182,https://www.fantasypros.com/nfl/players/tai-felton.php,6,0.7,0.2,0,,359.33,241,458,89.67,15,,,,,,3.72,37.04,0.24,,,,,,,,,,,2026-07-27
462,462,Van Jefferson,WAS,WR,WR163,74.92,19483,https://www.fantasypros.com/nfl/players/van-jefferson.php,7,0.9,0.3,0,,311.00,294,328,17.00,15,,,,,,27.97,357.72,1.93,,,,,,,,,,,2026-07-27
463,463,Riley Leonard,IND,QB,QB48,13.83,25373,https://www.fantasypros.com/nfl/players/riley-leonard.php,13,4.1,0.2,0,,348.67,310,389,32.27,15,208.56,1.42,1.62,7.21,0.04,,,,,,,,,,,,,,2026-07-27
464,464,Demarcus Robinson,SF,WR,WR164,53.08,15665,https://www.fantasypros.com/nfl/players/demarcus-robinson.php,8,0.8,0.2,0,,377.20,342,416,23.76,15,,,,,,17.66,252.3,1.67,,,,,,,,,,,2026-07-27
465,465,Jake Bobo,SEA,WR,WR165,,25339,https://www.fantasypros.com/nfl/players/jake-bobo.php,11,0.6,0.1,0,,315.50,315,316,0.50,15,,,,,,,,,,,,,,,,,,,2026-07-27
466,466,New York Jets,NYJ,D/ST,DST31,85.92,8210,https://www.fantasypros.com/nfl/players/new-york-jets-defense.php,13,8.4,8,1,,356.67,273,433,65.53,15,,,,,,,,,,,,37.42,9.96,1.92,0.5,12.22,8.03,1,2026-07-27
467,467,Mitchell Evans,CAR,TE,TE68,37.49,27138,https://www.fantasypros.com/nfl/players/mitchell-evans.php,5,0.8,0.1,0,,380.40,364,390,9.48,15,,,,,,14.96,138.07,1.47,,,,,,,,,,,2026-07-27
468,468,Taysom Hill,FA,TE,TE69,,17115,https://www.fantasypros.com/nfl/players/taysom-hill.php,,0.7,0.1,0,17,332.50,224,441,108.50,15,,,,,,,,,,,,,,,,,,,2026-07-27
469,469,Lil'Jordan Humphrey,DEN,WR,WR166,,18590,https://www.fantasypros.com/nfl/players/liljordan-humphrey.php,10,1.1,0.1,0,,323.00,300,346,23.00,15,,,,,,,,,,,,,,,,,,,2026-07-27
470,470,Michael Trigg,DAL,TE,TE70,,23167,https://www.fantasypros.com/nfl/players/michael-trigg.php,14,9,0.2,0,,360.33,300,434,55.51,15,,,,,,,,,,,,,,,,,,,2026-07-27
471,471,Jaydn Ott,KC,RB,RB124,,25394,https://www.fantasypros.com/nfl/players/jaydn-ott.php,5,1,0,0,,356.33,338,376,15.54,15,,,,,,,,,,,,,,,,,,,2026-07-27
472,472,Diontae Johnson,FA,WR,WR167,,18615,https://www.fantasypros.com/nfl/players/diontae-johnson.php,,1,0,0,,325.00,289,361,36.00,15,,,,,,,,,,,,,,,,,,,2026-07-27
473,473,Elijah Mitchell,PHI,RB,RB125,26.1,22813,https://www.fantasypros.com/nfl/players/elijah-mitchell-rb.php,10,0.7,0.1,0,28,348.50,236,461,112.50,15,,,35,159,1,2,22,0,,,,,,,,,,,2026-07-27
474,474,Nate Boerkircher,JAC,TE,TE71,37.06,28427,https://www.fantasypros.com/nfl/players/nate-boerkircher.php,7,0.9,0.1,0,,359.00,343,378,14.45,15,,,,,,14.91,155.26,1.28,,,,,,,,,,,2026-07-27
475,475,Adam Trautman,DEN,TE,TE72,47.55,19423,https://www.fantasypros.com/nfl/players/adam-trautman.php,10,0.6,0.1,0,,374.50,336,417,28.97,15,,,,,,19.36,193.99,1.48,,,,,,,,,,,2026-07-27
476,476,Frank Gore Jr.,BUF,RB,RB126,35,25980,https://www.fantasypros.com/nfl/players/frank-gore-jr.php,7,0.6,0.1,0,,361.33,327,387,25.25,15,,,37,174,2,3,26,0,,,,,,,,,,,2026-07-27
477,477,Ty Chandler,NO,RB,RB127,38.1,19471,https://www.fantasypros.com/nfl/players/ty-chandler.php,8,0.7,0.1,0,,334.00,314,354,20.00,15,,,54,144,1,12,57,0,,,,,,,,,,,2026-07-27
478,478,Jermaine Burton,FA,WR,WR168,,22956,https://www.fantasypros.com/nfl/players/jermaine-burton.php,,1.1,0,0,,357.00,255,459,102.00,15,,,,,,,,,,,,,,,,,,,2026-07-27
479,479,Cash Jones,ATL,RB,RB128,,28124,https://www.fantasypros.com/nfl/players/cash-jones.php,11,0,0,0,,338.00,322,354,16.00,15,,,,,,,,,,,,,,,,,,,2026-07-27
480,480,Xavier Smith,LAR,WR,WR169,19.86,25627,https://www.fantasypros.com/nfl/players/xavier-smith.php,11,0.6,0.1,0,,339.00,296,382,43.00,15,,,,,,7.17,89.26,0.65,,,,,,,,,,,2026-07-27
481,481,Reggie Virgil,ARI,WR,WR170,8.07,28141,https://www.fantasypros.com/nfl/players/reggie-virgil.php,14,0.7,0.1,0,,340.00,296,384,44.00,15,,,,,,3.36,39.33,0.14,,,,,,,,,,,2026-07-27
482,482,Michael Woods II,DEN,WR,WR171,,23893,https://www.fantasypros.com/nfl/players/michael-woods.php,10,1,0,0,,342.50,340,345,2.50,15,,,,,,,,,,,,,,,,,,,2026-07-27
483,483,Robert Henry Jr.,WAS,RB,RB129,,28404,https://www.fantasypros.com/nfl/players/robert-henry-jr.php,7,0,0,0,,369.67,332,400,28.24,15,,,,,,,,,,,,,,,,,,,2026-07-27
484,484,Durham Smythe,BAL,TE,TE73,23.58,17508,https://www.fantasypros.com/nfl/players/durham-smythe.php,13,0.6,0.1,0,,345.50,342,349,3.50,15,,,,,,9.83,94.05,0.74,,,,,,,,,,,2026-07-27
485,485,Jacob Saylors,DET,RB,RB130,0,25693,https://www.fantasypros.com/nfl/players/jacob-saylors.php,6,0.1,0.1,0,,346.00,326,366,20.00,15,,,0,0,0,0,0,0,,,,,,,,,,,2026-07-27
486,486,Scotty Miller,CHI,WR,WR172,,18714,https://www.fantasypros.com/nfl/players/scott-miller.php,10,0.1,0.1,0,,346.50,331,362,15.50,15,,,,,,,,,,,,,,,,,,,2026-07-27
487,487,Ronnie Rivers,LAR,RB,RB131,,23986,https://www.fantasypros.com/nfl/players/ronnie-rivers.php,11,0.6,0.1,0,,347.00,329,365,18.00,15,,,,,,,,,,,,,,,,,,,2026-07-27
488,488,Will Dissly,FA,TE,TE74,,18049,https://www.fantasypros.com/nfl/players/will-dissly.php,,1,0,0,20,352.00,276,428,76.00,15,,,,,,,,,,,,,,,,,,,2026-07-27
489,489,Derius Davis,LAC,WR,WR173,10.23,25334,https://www.fantasypros.com/nfl/players/derius-davis.php,7,0.6,0.1,0,,353.00,328,378,25.00,15,,,,,,3.49,37.83,0.27,,,,,,,,,,,2026-07-27
490,490,Sam Roush,CHI,TE,TE75,8.65,28161,https://www.fantasypros.com/nfl/players/sam-roush.php,10,1.5,0.2,0,,353.50,344,363,9.50,15,,,,,,3.65,33.78,0.28,,,,,,,,,,,2026-07-27
491,491,Miles Sanders,FA,RB,RB132,,18283,https://www.fantasypros.com/nfl/players/miles-sanders.php,,0.6,0.1,0,,386.00,318,447,52.90,15,,,,,,,,,,,,,,,,,,,2026-07-27
492,492,Elijah Tau-Tolliver,BAL,RB,RB133,,28757,https://www.fantasypros.com/nfl/players/elijah-tau-tolliver.php,13,0,0,0,,357.50,332,383,25.50,15,,,,,,,,,,,,,,,,,,,2026-07-27
493,493,Gabe Davis,FA,WR,WR174,,19398,https://www.fantasypros.com/nfl/players/gabriel-davis.php,,1,0,0,,376.50,299,454,77.50,15,,,,,,,,,,,,,,,,,,,2026-07-27
494,494,Mecole Hardman Jr.,BUF,WR,WR175,,18587,https://www.fantasypros.com/nfl/players/mecole-hardman.php,7,0.6,0.1,0,,361.50,346,377,15.50,15,,,,,,,,,,,,,,,,,,,2026-07-27
495,495,Cade Stover,HOU,TE,TE76,33.14,25269,https://www.fantasypros.com/nfl/players/cade-stover.php,8,0.8,0.1,0,,364.00,336,392,28.00,16,,,,,,15.24,128.17,0.87,,,,,,,,,,,2026-07-27
496,496,Quinn Ewers,MIA,QB,QB49,11.55,23680,https://www.fantasypros.com/nfl/players/quinn-ewers.php,6,3.7,0.2,1,,365.50,349,382,16.50,16,167.63,1.19,2.99,11.67,0.01,,,,,,,,,,,,,,2026-07-27
497,497,Donovan Edwards,MIA,RB,RB134,22.9,23014,https://www.fantasypros.com/nfl/players/donovan-edwards.php,6,1,0,0,,367.50,346,389,21.50,16,,,31,130,1,2,19,0,,,,,,,,,,,2026-07-27
498,498,Mo Alie-Cox,IND,TE,TE77,26.98,16579,https://www.fantasypros.com/nfl/players/mo-alie-cox.php,13,0.6,0.1,0,,370.50,364,377,6.50,16,,,,,,10.87,110.71,0.87,,,,,,,,,,,2026-07-27
499,499,Roman Hemby,LV,RB,RB135,,25387,https://www.fantasypros.com/nfl/players/roman-hemby.php,13,0,0,0,22,370.50,368,373,2.50,16,,,,,,,,,,,,,,,,,,,2026-07-27
500,500,Anthony Gould,IND,WR,WR176,16.28,26404,https://www.fantasypros.com/nfl/players/anthony-gould.php,13,0.6,0.1,0,,374.50,374,375,0.50,16,,,,,,7.01,74.28,0.33,,,,,,,,,,,2026-07-27
501,501,Skyy Moore,GB,WR,WR177,0,23905,https://www.fantasypros.com/nfl/players/skyy-moore.php,11,0.8,0.1,0,,377.50,371,384,6.50,16,,,,,,0,0,0,,,,,,,,,,,2026-07-27
502,502,Myles Montgomery,NE,RB,RB136,,28450,https://www.fantasypros.com/nfl/players/myles-montgomery.php,11,0,0,0,,391.67,381,407,11.12,16,,,,,,,,,,,,,,,,,,,2026-07-27
503,503,Tyler Conklin,DET,TE,TE78,8.92,17598,https://www.fantasypros.com/nfl/players/tyler-conklin.php,6,0.8,0.1,0,,378.50,377,380,1.50,16,,,,,,3.68,37.98,0.25,,,,,,,,,,,2026-07-27
504,504,Thomas Fidone II,NYG,TE,TE79,26.1,23039,https://www.fantasypros.com/nfl/players/thomas-fidone.php,8,1,0,0,,398.50,355,442,43.50,16,,,,,,10,101,1,,,,,,,,,,,2026-07-27
505,505,Jason Sanders,NYJ,K,K33,117.49,17533,https://www.fantasypros.com/nfl/players/jason-sanders.php,13,2.7,2.3,1,,391.50,376,407,15.50,16,,,,,,,,,32.7,28.71,31.37,,,,,,,,2026-07-27
